cell_id,xc_m,yc_m,Ex,Ey,Emag
0,0.07973106073510837,0.01694736012815834,-0.003019297520311121,0.00962023465148892,0.01008290991062922
1,0.06594483600006079,0.04791172785638309,0.00043904301423566,0.002097066644821846,0.002142532912506477
2,0.04075615003057523,0.07059172257385615,0.009621400077728003,-0.006287758706355643,0.01149379175925228
3,0.008520355462803922,0.08106576715264278,-0.01008240109841877,0.000101293415858795,0.01008290991061074
4,-0.02518868596948555,0.077522804131363,-0.001858757144975074,0.001065583951209219,0.002142532912482453
5,-0.05454237476562279,0.06057544400320466,0.00895319002430668,0.007207470943017168,0.01149379175928385
6,-0.07446519146286472,0.03315403929625969,-0.003211969046727603,-0.009557631877681293,0.01008290991065604
7,-0.08151230006115047,1.040834085586084e-17,-0.001587818106662606,-0.001438499545082258,0.002142532912477073
8,-0.07446519146286472,-0.03315403929625967,-0.004088024334971021,0.01074222072206614,0.01149379175924561
9,-0.05454237476562283,-0.06057544400320464,0.008097295056756016,-0.006008234768203208,0.01008290991063648
10,-0.02518868596948561,-0.07752280413136299,0.0008774315871156157,-0.001954625562873224,0.002142532912490657
11,0.008520355462803874,-0.08106576715264278,-0.01147972801012528,-0.000568413422110087,0.01149379175924507
12,0.04075615003057523,-0.07059172257385615,0.008216372608740936,0.005844338578518138,0.01008290991063709
13,0.06594483600006081,-0.04791172785638309,0.002130100650316496,0.0002304745119619909,0.002142532912499333
14,0.07973106073510837,-0.01694736012815834,-0.003006837756879187,-0.01109351953660255,0.01149379175925755
15,0.2011287881368834,0.03389472025631668,-0.0330513017479496,0.05190588776762178,0.06153543476874901
16,0.1558598488719918,0.05084208038447502,0.009104603310122299,0.01118614040229454,0.0144230211306278
17,0.1699540660685633,0.1127708158409245,0.0071209900839222,0.01735204262371134,0.0187563824601231
18,0.121705719863299,0.1098404633128326,0.01644019955820732,0.01394800341841755,0.0215598460308479
19,0.1093927419927696,0.1721478128759371,0.06124159290804627,-0.02891816160804256,0.06772586487231987
20,0.06650756622848752,0.149846432265119,-0.007124951917668773,-0.0336799944939838,0.03442538262596178
21,0.02991641902456399,0.201758889150917,-0.05957884672180449,-0.01539385447110402,0.06153543476873957
22,-0.0001903498095005227,0.1639425917666656,-0.007825174571905664,0.01211569979215761,0.0144230211306261
23,-0.05473272457512331,0.1964840205697374,-0.0143022662555819,0.01213454007964105,0.01875638246011132
24,-0.06685535263615219,0.1496915877800662,-0.008185038485967968,0.01994572901292391,0.02155984603084567
25,-0.1299180828645789,0.1572352798307609,0.04642749900780711,0.04930801262053305,0.06772586487234089
26,-0.1219604576302017,0.1095575483609108,0.02982984700565043,-0.01718392261866223,0.03442538262597358
27,-0.1826394243580189,0.09079913077137243,-0.003770450536643961,-0.06141981304862304,0.06153543476873373
28,-0.1559774915240152,0.05048001353107297,-0.01394082716345848,-0.003698226133288384,0.01442302113062166
29,-0.2037807501528762,0.00866298711740666,-0.01596027674601376,-0.009852484416636612,0.01875638246009648
30,-0.1630246001223009,-0.01732597423481325,-0.02149883154176379,-0.001620864958013376,0.02155984603083365
31,-0.1896865329563047,-0.07497106570992597,-0.0325478205085702,0.05939218932524227,0.06772586487231835
32,-0.1418832743274437,-0.08213614365396575,0.02556081124637075,0.02305974625559002,0.03442538262597514
33,-0.1427937909635351,-0.1456419401852623,0.05724858013726206,-0.02256567757560733,0.06153543476874754
34,-0.09620904143228953,-0.1327442276519078,-0.000790730446382234,-0.01440132924058107,0.01442302113062486
35,-0.07121070527230457,-0.1911300000870776,0.004438272756687682,-0.01822371032273714,0.01875638246010654
36,-0.03389939124179013,-0.1603996287453857,-0.005101970125243854,-0.02094747864814453,0.02155984603083593
37,0.01268535828945549,-0.203569946612297,-0.06654315834181887,-0.01260162095125014,0.06772586487231717
38,0.03427177166071615,-0.1603204768439056,-0.01403239687535113,0.03143562957659938,0.0344253826259714
39,0.09438800816010662,-0.1808107999933437,0.03915201886915358,0.04747345732773869,0.06153543476875079
40,0.09651703389381344,-0.1325204580303057,0.01345212887167081,-0.005202284820594201,0.01442302113063086
41,0.1597701139317407,-0.1267878234409909,0.01870328016100435,-0.001410387963953422,0.01875638246010898
42,0.1420736241369442,-0.08180644811269977,0.0183456405947805,-0.0113253888251339,0.02155984603083533
43,0.1975265155386584,-0.05084208038447502,-0.008578113065440955,-0.06718041938646285,0.06772586487232572
44,0.1630643940684417,-0.01694736012815834,-0.03423330945896401,-0.003631458719513339,0.03442538262597417
45,0.3225265155386585,0.05084208038447502,-0.1287341279015926,0.1391213368094505,0.1895447758241629
46,0.2736553036755419,0.0847368006407917,0.02466423709677005,0.05699430939944312,0.06210214082851845
47,0.2739632961370658,0.177629903825466,0.03053162136633774,0.06306607159978903,0.07006789057968797
48,0.2155309977949789,0.1887165588974405,0.06520646297221226,0.0603950828896191,0.08887884366141613
49,0.1780293339549639,0.273703903178018,0.1872865048661025,-0.06745429586787123,0.1990636002286479
50,0.1201394243580189,0.2600655096846065,-0.009152744596503448,-0.1381612484741542,0.1384640867286019
51,0.05131248258632406,0.3224520111491911,-0.1720932872059523,-0.07944257385609158,0.1895447758241597
52,0.003974653017151175,0.2864467712263197,-0.04658314092988483,0.04106929359743063,0.06210214082852111
53,-0.08427676318076109,0.3154452370081118,-0.05054460848408586,0.04852578534631424,0.07006789057968058
54,-0.1128773719389711,0.2632987837357809,-0.03728923193284519,0.08067813850386239,0.08887884366141317
55,-0.2052937909635351,0.2538951156583172,0.1220275604579686,0.1572755271002833,0.1990636002286584
56,-0.210211873828114,0.1946240445429685,0.1285708020353441,-0.05139895113305624,0.1384640867286169
57,-0.290813657253173,0.1484442222464852,0.02237462717262902,-0.1882195476062852,0.1895447758241541
58,-0.2711988330174551,0.0922970399447393,-0.05345420149414801,-0.03161209006228183,0.06210214082849957
59,-0.3260492002446019,0.01732597423481331,-0.06176990735754283,-0.03307548692498267,0.07006789057966653
60,-0.2852930502140267,-0.02598896135221986,-0.08825247572108688,-0.01053325114514924,0.08887884366140132
61,-0.3049078744497447,-0.1167880921235923,-0.1118693249388437,0.1646559172144101,0.1990636002286487
62,-0.2500575072225979,-0.1397812351290785,0.08861387021517818,0.1063949496878331,0.1384640867286134
63,-0.2310452071614475,-0.23070843636732,0.1859215672842278,-0.0368835039117106,0.1895447758241541
64,-0.1715847495312457,-0.2294040634794641,0.01354662756501207,-0.06060663971133047,0.06210214082851061
65,-0.1172327245751235,-0.3047371960427921,0.01236870625518379,-0.06896756046039058,0.07006789057967032
66,-0.063443429847428,-0.2793608451837601,-0.01725379765411096,-0.08718804572359166,0.088878843661403
67,0.0168503611161071,-0.3260741260719511,-0.1911666055686781,-0.05551257381297849,0.1990636002286504
68,0.05566783522247615,-0.2810135988421798,-0.07380441836768004,0.1171546462714999,0.1384640867286236
69,0.148019866289638,-0.2910298774128313,0.09253122065069626,0.1654242885646759,0.1895447758241756
70,0.1651536258560078,-0.2340765483323866,0.06182647776228121,-0.005844873223240038,0.06210214082852218
71,0.2535953918634206,-0.2056639190255988,0.06941418822012081,-0.00954880956072536,0.07006789057967536
72,0.2460828542054467,-0.1466655360972412,0.07758904233583748,-0.04335192452471761,0.08887884366140905
73,0.3153219703422085,-0.0847368006407917,-0.006278134816541343,-0.1989645746338362,0.1990636002286657
74,0.2844621214702168,-0.03389472025631668,-0.134227509286328,-0.03398939635209069,0.1384640867286199
75,0.4439242429404335,0.06778944051263336,-0.3062507073111854,0.2508446306688575,0.3958693275109816
76,0.3914507584790919,0.1186315208971084,0.0363816512474038,0.1476733782533326,0.1520889581535739
77,0.3779725262055683,0.2424889918100074,0.078736749282333,0.1494233235556001,0.1688988019790268
78,0.3093562757266587,0.2675926544820483,0.1618149739665105,0.1592079679582036,0.22700498422097
79,0.2466659259171582,0.3752599934800989,0.38018195212513,-0.1087893109740887,0.3954408058153477
80,0.1737712824875503,0.3702845871040941,0.002329010542790532,-0.3371094082597952,0.3371174534600332
81,0.07270854614808413,0.4431451331474653,-0.3332040936737785,-0.2137464769838989,0.3958693275109763
82,0.008139655843802876,0.4089509506859739,-0.1292031801522895,0.08023458998946918,0.1520889581535859
83,-0.1138208017863989,0.4344064534464862,-0.117779031943964,0.1210574448115242,0.1688988019790328
84,-0.15889939124179,0.3769059796914955,-0.1014121984727691,0.2030931531639742,0.2270049842209765
85,-0.2806694990624912,0.3505549514858735,0.220947467266481,0.3279567770490802,0.3954408058153492
86,-0.2984632900260263,0.2796905407250262,0.3213298032676918,-0.1019575154627135,0.3371174534600411
87,-0.3989878901483273,0.2060893137215979,0.1003192522301887,-0.3829472184204617,0.3958693275109768
88,-0.3864201745108951,0.1341140663584056,-0.1162336080360785,-0.0980856745664318,0.1520889581535645
89,-0.4483176503363276,0.02598896135221995,-0.1515281941857377,-0.07460570807086889,0.1688988019790145
90,-0.4075615003057524,-0.03465194846962648,-0.2244911594965219,-0.03368949642048285,0.2270049842209606
91,-0.4201292159431846,-0.1586051185372586,-0.2436289076262391,0.3114777460313038,0.3954408058153533
92,-0.3582317401177521,-0.1974263266041912,0.1962637294749547,0.2740961982953511,0.3371174534600406
93,-0.3192966233593598,-0.3157749325493777,0.3952048012779869,-0.02292791989716123,0.395869327510965
94,-0.2469604576302019,-0.3260638993070203,0.05736685975094024,-0.1408548706809726,0.1520889581535673
95,-0.1632547438779425,-0.4183443919985068,0.02412945768325939,-0.1671663081540616,0.1688988019790161
96,-0.09298746845306588,-0.3983220616221345,-0.03733096826996835,-0.2239144070156847,0.2270049842209618
97,0.02101536394275872,-0.4485783055316053,-0.3715184128215141,-0.135452943262525,0.3954408058153556
98,0.07706389878423615,-0.4017067208404539,-0.2000321476933551,0.2713582821963841,0.3371174534600496
99,0.2016517244191693,-0.4012489548323188,0.1439307474767751,0.36877698463268,0.3958693275109795
100,0.2337902178182021,-0.3356326386344675,0.1516882771900335,0.01103257700461717,0.152088958153586
101,0.3474206697951006,-0.2845400146102066,0.1664410191641004,-0.02870875214221334,0.1688988019790179
102,0.3500920842739492,-0.2115246240817826,0.2014193522727344,-0.1046972176860068,0.2270049842209615
103,0.4331174251457586,-0.1186315208971084,0.0140179010561179,-0.3951922688437756,0.3954408058153712
104,0.4058598488719918,-0.05084208038447502,-0.3198903955921062,-0.10638755676922,0.3371174534600637
105,0.5653219703422084,0.0847368006407917,-0.5432761386113747,0.3344904866674111,0.6379912604851944
106,0.509246213282642,0.1525262411534251,0.02519902118278401,0.2543567992484486,0.2556019796333471
107,0.4819817562740709,0.3073480797945489,0.1559244025313724,0.2708923007115149,0.3125620864557045
108,0.4031815536583387,0.3464687500666561,0.3060843522856279,0.3114440016177036,0.4366749327105467
109,0.3153025178793525,0.4768160837821798,0.579835361745956,-0.1309775698352377,0.5944444217342848
110,0.2274031406170817,0.4805036645235816,0.01921622090086706,-0.5979384164462795,0.5982471170076754
111,0.09410460970984419,0.5638382551457395,-0.4860009164531027,-0.4133230669370213,0.6379912604851896
112,0.01230465867045458,0.5314551301456282,-0.234120765602133,0.1025662669027453,0.255601979633363
113,-0.1433648403920366,0.5533676698848606,-0.2094505975859479,0.2320032436420742,0.3125620864557221
114,-0.2049214105446088,0.4905131756472101,-0.2016155806310699,0.387345007073236,0.4366749327105561
115,-0.3560452071614473,0.4472147873134298,0.3037460519993384,0.5109819042058154,0.5944444217342659
116,-0.3867147062239385,0.3647570369070839,0.57461136613046,-0.1664974201652046,0.5982471170076645
117,-0.5071621230434814,0.2637344051967107,0.2429110536797549,-0.589938190368851,0.6379912604851915
118,-0.501641516004335,0.175931092772072,-0.1698936117970369,-0.1909673602033746,0.2556019796333504
119,-0.5705861004280534,0.0346519484696266,-0.285371990803433,-0.1275064106405105,0.312562086455701
120,-0.529829950397478,-0.04331493558703311,-0.4306896337771586,-0.07205162187388606,0.4366749327105466
121,-0.5353505574366245,-0.2004221449509248,-0.3921099776617649,0.4467817542705874,0.594444421734289
122,-0.4664059730129063,-0.2550714180793039,0.3359131336897542,0.4950373517450117,0.5982471170076669
123,-0.4075480395572721,-0.4008414287314353,0.6361282038702079,0.04872121402748063,0.637991260485164
124,-0.3223361657291581,-0.4227237351345766,0.1291207390400641,-0.22059058625025,0.255601979633338
125,-0.2092767631807615,-0.5319515879542213,0.0330810078321729,-0.3108065392013934,0.3125620864556986
126,-0.1225315070587037,-0.5172832780605089,-0.06456525164548389,-0.4318753583358447,0.4366749327105449
127,0.02518036676941033,-0.5710824849912596,-0.5460833455222942,-0.2348555945133015,0.5944444217342927
128,0.09845996234599617,-0.5223998428387282,-0.3670056322427135,0.4724473292443622,0.5982471170076833
129,0.2552835825487007,-0.5114680322518064,0.150237797514479,0.620049556610985,0.6379912604851894
130,0.3024268097803964,-0.4371887289365484,0.2496946171763267,0.05463488030242394,0.25560197963336
131,0.4412459477267805,-0.3634161101948144,0.305817178025834,-0.06458259451171622,0.3125620864557143
132,0.4541013143424518,-0.2763837120663241,0.390786113768063,-0.1948620284812383,0.4366749327105557
133,0.5509128799493087,-0.1525262411534251,0.05461190943872152,-0.5919304941278817,0.5944444217342958
134,0.5272575762737669,-0.06778944051263336,-0.562735088478421,-0.203048844377906,0.5982471170076956
135,0.6867196977439836,0.10168416076895,-0.7819317393083736,0.3234912695570805,0.8462055580161773
136,0.627041668086192,0.1864209614097417,-0.02668640916506113,0.3146929342780658,0.3158224300436308
137,0.5859909863425733,0.3722071677790903,0.2615954012625274,0.401778066384604,0.479434842903031
138,0.4970068315900186,0.425344845651264,0.4791153551973478,0.4903821906411005,0.685584580109446
139,0.3839391098415469,0.5783721740842607,0.6880538933323016,-0.1088123462866737,0.6966048283167073
140,0.281034998746613,0.5907227419430692,0.01348186848738391,-0.8335990010368086,0.8337080156190633
141,0.1155006732716043,0.6845313771440137,-0.549288675764305,-0.6436969761421496,0.846205558016166
142,0.01646966149710627,0.6539593096052823,-0.3075373197280601,0.07186518136868138,0.3158224300436442
143,-0.1729088789976744,0.672328886323235,-0.3012762234991287,0.3729482614835024,0.4794348429030412
144,-0.2509434298474277,0.6041203716029248,-0.3183263908623767,0.6072022112644146,0.6855845801094578
145,-0.4314209152604034,0.5438746231409861,0.3161070370748021,0.6207532746155292,0.6966048283166812
146,-0.4749661224218508,0.4498235330891416,0.7969658883916823,-0.2447742389375918,0.8337080156190299
147,-0.6153363559386356,0.3213794966718234,0.4424526680505829,-0.7213178792684634,0.8462055580161554
148,-0.6168628574977749,0.2177481191857383,-0.1633821072359093,-0.2702778095845589,0.3158224300436453
149,-0.6928545505197791,0.04331493558703325,-0.4477943473871632,-0.1712833647426429,0.4794348429030338
150,-0.6520984004892038,-0.05197792270443972,-0.6758518842663737,-0.1151105860356209,0.6855845801094653
151,-0.6505718989300645,-0.2422391713645912,-0.4926890003370468,0.492458968626874,0.6966048283167172
152,-0.5745802059080606,-0.3127165095544166,0.4790701384129326,0.682320201802986,0.8337080156190498
153,-0.4957994557551844,-0.4859079249134931,0.8227394630326267,0.1978980100612563,0.8462055580161477
154,-0.3977118738281143,-0.5193835709621327,0.2065616243026588,-0.2389060540967976,0.315822430043616
155,-0.2552987824835805,-0.6455587839099359,0.02452409684375374,-0.4788072026018901,0.4794348429030261
156,-0.1520755456643416,-0.6362444944988832,-0.09937304497492208,-0.6783444658993378,0.6855845801094463
157,0.02934536959606195,-0.6935866644509137,-0.6206055851663402,-0.3163968939394144,0.6966048283167183
158,0.1198560259077562,-0.6430929648370024,-0.5008842598574065,0.6664713148625279,0.8337080156190707
159,0.3089154406782321,-0.6216871096712939,0.06602828398942408,0.8436255757922914,0.8462055580161733
160,0.3710634017425908,-0.5387448192386293,0.2910442118263699,0.1226257480345745,0.3158224300436431
161,0.5350712256584603,-0.4422922057794223,0.4629510727800217,-0.1246357605236135,0.4794348429030503
162,0.5581105444109543,-0.3412428000508655,0.6144359649062971,-0.3041293499705929,0.6855845801094623
163,0.6687083347528588,-0.1864209614097417,0.1091336550962119,-0.6880030030163218,0.6966048283166977
164,0.6486553036755419,-0.0847368006407917,-0.7886336354346615,-0.270418276691121,0.8337080156190693
165,0.8081174251457585,0.1186315208971084,-0.9462798878620841,0.1703177374723889,0.9614851833855745
166,0.744837122889742,0.2203156816660584,-0.1219458879270293,0.26028999388026,0.2874398728369071
167,0.6900002164110758,0.4370662557636317,0.3869372859536238,0.4969845527860184,0.6298524501572373
168,0.5908321095216984,0.5042209412358719,0.6417109119946559,0.6384497653527342,0.9052132331401118
169,0.4525757018037413,0.6799282643863416,0.6084126091251899,-0.02214136231639909,0.6088153602429452
170,0.3346668568761444,0.7009418193625567,-0.0515202864330449,-0.9278047710738238,0.9292341110514042
171,0.1368967368333643,0.8052244991422879,-0.4543983608483587,-0.8473345782678247,0.9614851833855722
172,0.02063466432375797,0.7764634890649363,-0.2852338465698447,-0.0355433997736684,0.2874398728369126
173,-0.2024529176033122,0.7912901027616094,-0.3530902003082106,0.5215758999564636,0.6298524501572469
174,-0.2969654491502465,0.7177275675586393,-0.4089022323836663,0.8075951719788862,0.9052132331400998
175,-0.5067966233593595,0.6405344589685423,0.2090675227223153,0.5717927192702559,0.6088153602429225
176,-0.563217538619763,0.5348900292711994,0.8664741293165753,-0.3357061458575111,0.9292341110513657
177,-0.7235105888337898,0.3790245881469361,0.6654462564255285,-0.6939993066849529,0.9614851833855503
178,-0.7320841989912149,0.2595651455994046,-0.05433832399499722,-0.282257023016116,0.2874398728369214
179,-0.8151230006115048,0.05197792270443991,-0.6051590308385961,-0.1746329189001348,0.6298524501572491
180,-0.7743668505809295,-0.06064090982184633,-0.8944263896834665,-0.1393284999194807,0.9052132331401331
181,-0.7657932404235045,-0.2840561977782575,-0.4792017741390628,0.3755286973451376,0.6088153602429568
182,-0.6827544388032147,-0.3703616010295294,0.5870307487231561,0.7203269627016426,0.929234111051377
183,-0.5840508719530968,-0.5709744210955507,0.8656667650057148,0.4184194185676588,0.9614851833855564
184,-0.4730875819270704,-0.6160434067896891,0.2516509154492186,-0.1389010340136438,0.287439872836893
185,-0.3013208017863994,-0.7591659798656504,-0.02091864934899536,-0.6295049793913373,0.6298524501572367
186,-0.1816195842699795,-0.7552057109372576,-0.1438836768755841,-0.8937049205306795,0.905213233140118
187,0.03351037242271356,-0.8160908439105677,-0.5052305066095321,-0.3397032205599928,0.6088153602429521
188,0.1412520894695162,-0.7637860868352765,-0.5036691741644017,0.7808926918200965,0.9292341110514005
189,0.3625472988077634,-0.7319061870907815,-0.1304347727208321,0.9525967289127336,0.9614851833855659
190,0.4396999937047852,-0.6403009095407102,0.2098671430426617,0.1964114629231536,0.2874398728369159
191,0.6288965035901404,-0.5211683013640301,0.5922305945421931,-0.2144225544510303,0.6298524501572607
192,0.6621197744794568,-0.4061018880354069,0.8055013869480413,-0.4130115168815061,0.9052132331401153
193,0.7865037895564089,-0.2203156816660584,0.1669521489010233,-0.5854768337390071,0.6088153602429248
194,0.7700530310773169,-0.10168416076895,-0.8983154174423638,-0.2377087375904169,0.9292341110513959
195,0.9295151525475336,0.1355788810252667,-0.9686218383854135,-0.1158551709679911,0.9755258512398124
196,0.8626325776932923,0.2542104019223751,-0.2323894860573477,0.05879038840484731,0.2397106234583503
197,0.7940094464795783,0.5019253437481731,0.507410976366001,0.4997651107797846,0.7122015619818793
198,0.6846573874533783,0.5830970368204796,0.7373153637743388,0.6755487061213802,0.9999999999999782
199,0.5212122937659355,0.7814843546884225,0.3017671381094212,0.1344077638120998,0.3303465644073201
200,0.3882987150056758,0.8111608967820443,-0.1996119978162928,-0.7836770320258507,0.8086993509315177
201,0.1582928003951244,0.9259176211405621,-0.1891357938881992,-0.9570153279375873,0.9755258512398362
202,0.02479966715040967,0.8989676685245906,-0.1277252824937279,-0.2028483059103417,0.2397106234583652
203,-0.2319969562089499,0.9102513191999838,-0.3185062503946052,0.6370124279391938,0.7122015619818715
204,-0.3429874684530654,0.831334763514354,-0.4146420214114909,0.9099846120016147,0.9999999999999682
205,-0.5821723314583157,0.7371942947960987,-0.03457820559448161,0.3285318862965973,0.3303465644073426
206,-0.6514689548176753,0.6199565254532571,0.6836376483726355,-0.4320118122511968,0.8086993509315007
207,-0.831684821728944,0.4366696796220489,0.8517294892733126,-0.4756128294520454,0.9755258512398113
208,-0.8473055404846548,0.3013821720130709,0.1534509202535662,-0.1841575360177779,0.2397106234583805
209,-0.9373914507032305,0.06064090982184656,-0.7042586647391534,-0.1060697790572712,0.7122015619818829
210,-0.8966353006726552,-0.06930389693925294,-0.9935782261706159,-0.1131472866650039,1
211,-0.8810145819169444,-0.3258732241919238,-0.3231376444368111,0.06863610830728743,0.3303465644073518
212,-0.7909286716983689,-0.428006692504642,0.6221233004996453,0.5166790485131723,0.808699350931512
213,-0.672302288151009,-0.6560409172776084,0.7155335674797111,0.6630704338507141,0.975525851239841
214,-0.5484632900260267,-0.7127032426172453,0.222563166815375,0.08903268936693713,0.2397106234583648
215,-0.3473428210892184,-0.872773175821365,-0.1167495412858003,-0.7025671565757725,0.7122015619818668
216,-0.2111636228756174,-0.874166927375632,-0.1994230928437749,-0.9799134808954295,0.999999999999987
217,0.03767537524936518,-0.938595023370222,-0.1651318417120538,-0.2861124385071545,0.3303465644073282
218,0.1626481530312762,-0.8844792088335507,-0.2991443034706196,0.7513370255072983,0.8086993509315293
219,0.4161791569372948,-0.842125264510269,-0.4095054244794132,0.8854128945069454,0.9755258512398488
220,0.5083365856669795,-0.7418569998427911,-0.01589931851783965,0.2391827641563412,0.2397106234583683
221,0.7227217815218202,-0.600044396948638,0.6321034800535844,-0.3281406030859471,0.7122015619819022
222,0.7661290045479593,-0.4709609760199484,0.8703279766515332,-0.4924725505625868,0.9999999999999857
223,0.9042992443599589,-0.2542104019223751,0.2210805536338946,-0.2454633199088357,0.3303465644073459
224,0.8914507584790919,-0.1186315208971084,-0.8070046475853971,-0.0523272297434085,0.808699350931513
