ordered_rank,solver_index,lambda_real,lambda_imag,beta_denominator
1,0,-3313.569439639519,0,0.004001400313915817
2,1,-3244.302149110224,0,0.003997381912221295
3,2,-3136.680813411005,0,0.004020807034573084
4,3,-3021.413781693578,0,0.0040598083251602
5,4,-2907.48348854026,0,0.004114156472756321
6,5,-2819.830250413698,0,0.004315260575396745
7,6,-2762.795702075573,0,0.004118036748432027
8,7,-2737.311751973805,0,0.004366862181923911
9,8,-2628.647247958207,0,0.004153055938058878
10,9,-2597.551628806168,0,0.004360286972626152
11,10,-2481.64187142552,0,0.004150112104769909
12,11,-2442.58743094972,0,0.004391250489358169
13,12,-2347.009938216223,0,0.004105050635684095
14,13,-2314.567153132582,0,0.004492592581187116
15,14,-2258.530993986376,0,0.004724769973414144
16,15,-2209.218752480479,0,0.004125967697586929
17,16,-2193.790721531536,0,0.004753479515489292
18,17,-2153.874627003875,0,0.00459083714013016
19,18,-2084.615375041601,0,0.003858379670135804
20,19,-2043.819057552957,0,0.004776625677725717
21,20,-2037.219314393693,0,0.004789978295249461
22,21,-1966.807545529036,0,0.004836997009540422
23,22,-1939.658720705959,0,0.004682121522308627
24,23,-1899.107149841656,0,0.00506442134924549
25,24,-1835.215580095271,0,0.005097363315195736
26,25,-1810.956511303674,0,0.00499296878376325
27,26,-1772.599695553804,0,0.00524301959843567
28,27,-1757.592335220224,0,0.005426888828889879
29,28,-1736.959758385255,0,0.005359051099931852
30,29,-1699.15235560017,0,0.005016936494922994
31,30,-1678.359165452725,0,0.00515766025056083
32,31,-1647.677894523784,0,0.005535971120603932
33,32,-1615.993220985728,0,0.005531302133273816
34,33,-1600.702645805179,0,0.005510256396159626
35,34,-1583.548875009952,0,0.005514516654122125
36,35,-1548.539122177515,0,0.005586075498237651
37,37,-1510.954427688181,0,0.005641486084778068
38,36,-1507.68135608223,0,0.005810601767416679
39,38,-1455.674098280828,0,0.005854346603138561
40,39,-1421.213539436643,0,0.005763779847026164
41,40,-1411.941820660351,0,0.005894811901878377
42,41,-1387.871362969613,0,0.00587273205143793
43,42,-1340.711165040883,0,0.005890689712747305
44,43,-1307.982635382147,0,0.005944468563595633
45,44,-1240.448489332391,0,0.006061865501450986
46,45,-1151.372775213586,0,0.006127371434834867
47,46,-1084.552790388804,0,0.006019168041070795
48,47,-1023.37768355616,0,0.005955961153311275
49,48,-942.0298449231834,0,0.00599610647345996
50,49,-874.2726406900741,0,0.005996828816927881
51,50,-839.526129634381,0,0.005931935470711939
52,51,-821.6233414425371,0,0.005612152113247162
53,52,-769.5503624932913,0,0.005562901994086931
54,53,-703.7973206958604,0,0.005403571039816741
55,54,-662.8131736100864,0,0.005362979522323397
56,55,-612.4110193844351,0,0.005320691760163318
57,56,-546.7307798218417,0,0.005461577040234383
58,57,-517.7389490422827,0,0.005314935051957129
59,58,-465.8613450885022,0,0.005196851129065171
60,59,-444.4889912885523,0,0.005787181171149931
61,61,-395.301583969849,0,0.005329462472637907
62,62,-369.2166352303635,0,0.005217932147297283
63,63,-354.3097803983067,0,0.005865300914366068
64,67,-286.464346809388,0,0.005524324235093521
65,68,-276.6685608637081,0,0.005596790269576919
66,69,-254.1372790465301,0,0.005323853516255223
67,70,-248.5815546548426,0,0.005967958952047678
68,73,-205.7949520045285,0,0.00585074609035945
69,74,-196.6911966032729,0,0.005963089888580007
70,75,-169.6008576102497,0,0.005556106339156851
71,76,-165.2400835054781,0,0.006121913191261339
72,77,-150.2848888575557,0,0.005511442721246159
73,78,-125.339342186256,0,0.006255818648147092
74,79,-113.8508177976694,0,0.005948744319734664
75,80,-101.6360891297662,0,0.005918651775758889
76,84,-69.07398440224853,0,0.005586834127647018
77,85,-53.07604429142525,0,0.005783340043581349
78,103,-22.8448221766947,0,0.006025618081677426
79,106,-9.501562779137183,0,0.006174168018704552
80,150,0.1034338380585773,0,6.33297902635148
81,155,0.1397552889406142,0,5.595839239575104
82,158,0.1790077644618334,0,6.062432840989009
83,159,0.1865535635309255,0,6.970161700021539
84,160,0.1936497767142241,0,6.561646496035102
85,161,0.2050861909898456,0,5.206399476551271
86,162,0.2161897570435371,0,5.771995173539278
87,163,0.235527993283116,0,5.970700747530302
88,164,0.2439967221273822,0,5.293659642927828
89,165,0.259134790016782,0,5.466191073156532
90,166,0.2768255699149434,0,5.170576368942093
91,168,0.2932922297423543,0,4.163210756091503
92,169,0.3097955940314616,0,4.879963124892872
93,170,0.3201707428403641,0,4.369489224017089
94,167,0.3363564720479804,0,4.720544292023643
95,157,0.3628004066029741,0,4.355205314388441
96,156,0.3678969413998425,0,4.466612066181368
97,154,0.4054513619090886,0,4.130295876600242
98,153,0.4151077319515401,0,3.868846607240297
99,152,0.4327812740765101,0,4.252161207125973
100,151,0.4531633769705828,0,3.93079836457589
101,149,0.5381614411409235,0,3.433200867044543
102,148,0.5517699594969527,0,3.728329074857608
103,147,0.5966261865410123,0,3.398848353725071
104,146,0.6829433118128271,0,3.298287620654337
105,145,0.7361205624489372,0,2.883692508773151
106,144,0.7858289233650102,0,2.992353485456421
107,143,0.8289263460813961,0,2.873383211314717
108,142,1.054081303900953,0,2.321082559428076
109,141,1.155896128706588,0,2.335109626023296
110,140,1.580016152410938,0,1.895918620028618
111,139,1.618825149501281,0,1.746356612499518
112,138,1.987462153629244,0,1.618980290980046
113,137,2.67164114477613,0,1.205270598103978
114,110,4.632450286833582,0,0.769842307113186
115,108,7.70077477240406,0,0.4952296548824964
116,105,12.49856761230706,0,0.006404211973404106
117,104,27.15890538328115,0,0.006052920914325188
118,98,50.23455352941297,0,0.006222553380993987
119,95,80.2327201917696,0,0.006483221260342772
120,96,86.54663117139033,0,0.006549775973092158
121,97,92.59881571334658,0,0.006372565360636589
122,99,97.22273327087059,0,0.01264512185970146
123,100,97.33203782756446,0,0.01410192263600542
124,101,97.39384705598489,0,0.01505734113893692
125,102,97.42246243003852,0,0.01556464135057182
126,94,106.6385847167207,0,0.007674529814114327
127,91,123.7914320414782,0,0.007592996575282687
128,87,167.5927243295043,0,0.007599988887798521
129,88,175.9850229574773,0,0.006512092975903757
130,90,177.7978382152733,0,0.01456954528928636
131,89,185.5904135499619,0,0.01347493380686391
132,92,212.6342867110471,0,0.006358384778710717
133,93,220.0110643742371,0,0.007954837788801095
134,107,235.2143993377736,0,0.01335358852440245
135,109,236.868722125814,0,0.01330344571696145
136,111,237.7509532636164,0,0.01345756097221917
137,112,237.8446534626058,0,0.01315819144734239
138,113,238.0822007381464,0,0.01345387774457359
139,114,238.1858898452685,0,0.01383076497649846
140,115,238.3075308540444,0,0.01358825372452522
141,116,238.4102351074178,0,0.01438414856309606
142,117,238.4279828957359,0,0.01294934410893371
143,118,238.4724257082349,0,0.01349674215533386
144,119,238.4906654863489,0,0.01348676255270838
145,120,238.5375340606124,0,0.0145368786282174
146,121,238.5626852416031,0,0.01399175142904877
147,122,238.5753187494564,0,0.01355914407789724
148,129,238.6122526720254,0,0.01412054839194641
149,130,238.6152714887084,0,0.01313291466621808
150,131,238.6249116426078,0,0.01400993555306284
151,132,238.632246817419,0,0.01386521039344744
152,133,238.6410175249761,0,0.0133869778877558
153,136,238.6645406802842,0,0.0151442866466824
154,135,238.665896590412,0,0.01479511485295616
155,134,238.6708932943896,0,0.01411505885007347
156,128,238.6905874287736,0,0.01540380171765966
157,127,238.6962772015995,0,0.01517681728021473
158,126,238.7046505478863,0,0.01598693976941154
159,125,238.7144477681302,0,0.01567635664978767
160,124,238.7233199223605,0,0.01624651857767931
161,123,238.7258476762524,0,0.01702710799031014
162,86,260.9825778506224,0,0.006632901577535387
163,83,273.4425545691154,0,0.006783809632510042
164,82,287.2217388783441,0,0.006656321858073645
165,81,290.3022922908818,0,0.006091829643831817
166,72,343.2113737238495,0,0.006552952636353835
167,71,359.3016700345444,0,0.006531402727144972
168,66,393.1434224202544,0,0.00623719333679338
169,64,423.889343333889,0,0.006917667418887267
170,65,425.1736349359069,0,0.005984889920101466
171,60,464.0620795080059,0,0.006749928075288737
