section,index,value
nrows,0,36
ncols,0,36
nnz,0,1056
row_ptr,0,0
row_ptr,1,22
row_ptr,2,48
row_ptr,3,78
row_ptr,4,112
row_ptr,5,148
row_ptr,6,182
row_ptr,7,212
row_ptr,8,238
row_ptr,9,260
row_ptr,10,283
row_ptr,11,310
row_ptr,12,341
row_ptr,13,376
row_ptr,14,412
row_ptr,15,447
row_ptr,16,478
row_ptr,17,505
row_ptr,18,528
row_ptr,19,551
row_ptr,20,578
row_ptr,21,609
row_ptr,22,644
row_ptr,23,680
row_ptr,24,715
row_ptr,25,746
row_ptr,26,773
row_ptr,27,796
row_ptr,28,818
row_ptr,29,844
row_ptr,30,874
row_ptr,31,908
row_ptr,32,944
row_ptr,33,978
row_ptr,34,1008
row_ptr,35,1034
row_ptr,36,1056
col_idx,0,0
col_idx,1,1
col_idx,2,2
col_idx,3,3
col_idx,4,4
col_idx,5,5
col_idx,6,9
col_idx,7,10
col_idx,8,11
col_idx,9,12
col_idx,10,13
col_idx,11,14
col_idx,12,18
col_idx,13,19
col_idx,14,20
col_idx,15,21
col_idx,16,22
col_idx,17,27
col_idx,18,28
col_idx,19,29
col_idx,20,30
col_idx,21,31
col_idx,22,0
col_idx,23,1
col_idx,24,2
col_idx,25,3
col_idx,26,4
col_idx,27,5
col_idx,28,6
col_idx,29,9
col_idx,30,10
col_idx,31,11
col_idx,32,12
col_idx,33,13
col_idx,34,14
col_idx,35,15
col_idx,36,18
col_idx,37,19
col_idx,38,20
col_idx,39,21
col_idx,40,22
col_idx,41,23
col_idx,42,27
col_idx,43,28
col_idx,44,29
col_idx,45,30
col_idx,46,31
col_idx,47,32
col_idx,48,0
col_idx,49,1
col_idx,50,2
col_idx,51,3
col_idx,52,4
col_idx,53,5
col_idx,54,6
col_idx,55,7
col_idx,56,9
col_idx,57,10
col_idx,58,11
col_idx,59,12
col_idx,60,13
col_idx,61,14
col_idx,62,15
col_idx,63,16
col_idx,64,18
col_idx,65,19
col_idx,66,20
col_idx,67,21
col_idx,68,22
col_idx,69,23
col_idx,70,24
col_idx,71,27
col_idx,72,28
col_idx,73,29
col_idx,74,30
col_idx,75,31
col_idx,76,32
col_idx,77,33
col_idx,78,0
col_idx,79,1
col_idx,80,2
col_idx,81,3
col_idx,82,4
col_idx,83,5
col_idx,84,6
col_idx,85,7
col_idx,86,8
col_idx,87,9
col_idx,88,10
col_idx,89,11
col_idx,90,12
col_idx,91,13
col_idx,92,14
col_idx,93,15
col_idx,94,16
col_idx,95,17
col_idx,96,18
col_idx,97,19
col_idx,98,20
col_idx,99,21
col_idx,100,22
col_idx,101,23
col_idx,102,24
col_idx,103,25
col_idx,104,27
col_idx,105,28
col_idx,106,29
col_idx,107,30
col_idx,108,31
col_idx,109,32
col_idx,110,33
col_idx,111,34
col_idx,112,0
col_idx,113,1
col_idx,114,2
col_idx,115,3
col_idx,116,4
col_idx,117,5
col_idx,118,6
col_idx,119,7
col_idx,120,8
col_idx,121,9
col_idx,122,10
col_idx,123,11
col_idx,124,12
col_idx,125,13
col_idx,126,14
col_idx,127,15
col_idx,128,16
col_idx,129,17
col_idx,130,18
col_idx,131,19
col_idx,132,20
col_idx,133,21
col_idx,134,22
col_idx,135,23
col_idx,136,24
col_idx,137,25
col_idx,138,26
col_idx,139,27
col_idx,140,28
col_idx,141,29
col_idx,142,30
col_idx,143,31
col_idx,144,32
col_idx,145,33
col_idx,146,34
col_idx,147,35
col_idx,148,0
col_idx,149,1
col_idx,150,2
col_idx,151,3
col_idx,152,4
col_idx,153,5
col_idx,154,6
col_idx,155,7
col_idx,156,8
col_idx,157,9
col_idx,158,10
col_idx,159,11
col_idx,160,12
col_idx,161,13
col_idx,162,14
col_idx,163,15
col_idx,164,16
col_idx,165,17
col_idx,166,19
col_idx,167,20
col_idx,168,21
col_idx,169,22
col_idx,170,23
col_idx,171,24
col_idx,172,25
col_idx,173,26
col_idx,174,28
col_idx,175,29
col_idx,176,30
col_idx,177,31
col_idx,178,32
col_idx,179,33
col_idx,180,34
col_idx,181,35
col_idx,182,1
col_idx,183,2
col_idx,184,3
col_idx,185,4
col_idx,186,5
col_idx,187,6
col_idx,188,7
col_idx,189,8
col_idx,190,10
col_idx,191,11
col_idx,192,12
col_idx,193,13
col_idx,194,14
col_idx,195,15
col_idx,196,16
col_idx,197,17
col_idx,198,20
col_idx,199,21
col_idx,200,22
col_idx,201,23
col_idx,202,24
col_idx,203,25
col_idx,204,26
col_idx,205,29
col_idx,206,30
col_idx,207,31
col_idx,208,32
col_idx,209,33
col_idx,210,34
col_idx,211,35
col_idx,212,2
col_idx,213,3
col_idx,214,4
col_idx,215,5
col_idx,216,6
col_idx,217,7
col_idx,218,8
col_idx,219,11
col_idx,220,12
col_idx,221,13
col_idx,222,14
col_idx,223,15
col_idx,224,16
col_idx,225,17
col_idx,226,21
col_idx,227,22
col_idx,228,23
col_idx,229,24
col_idx,230,25
col_idx,231,26
col_idx,232,30
col_idx,233,31
col_idx,234,32
col_idx,235,33
col_idx,236,34
col_idx,237,35
col_idx,238,3
col_idx,239,4
col_idx,240,5
col_idx,241,6
col_idx,242,7
col_idx,243,8
col_idx,244,12
col_idx,245,13
col_idx,246,14
col_idx,247,15
col_idx,248,16
col_idx,249,17
col_idx,250,22
col_idx,251,23
col_idx,252,24
col_idx,253,25
col_idx,254,26
col_idx,255,31
col_idx,256,32
col_idx,257,33
col_idx,258,34
col_idx,259,35
col_idx,260,0
col_idx,261,1
col_idx,262,2
col_idx,263,3
col_idx,264,4
col_idx,265,5
col_idx,266,9
col_idx,267,10
col_idx,268,11
col_idx,269,12
col_idx,270,13
col_idx,271,14
col_idx,272,18
col_idx,273,19
col_idx,274,20
col_idx,275,21
col_idx,276,22
col_idx,277,23
col_idx,278,27
col_idx,279,28
col_idx,280,29
col_idx,281,30
col_idx,282,31
col_idx,283,0
col_idx,284,1
col_idx,285,2
col_idx,286,3
col_idx,287,4
col_idx,288,5
col_idx,289,6
col_idx,290,9
col_idx,291,10
col_idx,292,11
col_idx,293,12
col_idx,294,13
col_idx,295,14
col_idx,296,15
col_idx,297,18
col_idx,298,19
col_idx,299,20
col_idx,300,21
col_idx,301,22
col_idx,302,23
col_idx,303,24
col_idx,304,27
col_idx,305,28
col_idx,306,29
col_idx,307,30
col_idx,308,31
col_idx,309,32
col_idx,310,0
col_idx,311,1
col_idx,312,2
col_idx,313,3
col_idx,314,4
col_idx,315,5
col_idx,316,6
col_idx,317,7
col_idx,318,9
col_idx,319,10
col_idx,320,11
col_idx,321,12
col_idx,322,13
col_idx,323,14
col_idx,324,15
col_idx,325,16
col_idx,326,18
col_idx,327,19
col_idx,328,20
col_idx,329,21
col_idx,330,22
col_idx,331,23
col_idx,332,24
col_idx,333,25
col_idx,334,27
col_idx,335,28
col_idx,336,29
col_idx,337,30
col_idx,338,31
col_idx,339,32
col_idx,340,33
col_idx,341,0
col_idx,342,1
col_idx,343,2
col_idx,344,3
col_idx,345,4
col_idx,346,5
col_idx,347,6
col_idx,348,7
col_idx,349,8
col_idx,350,9
col_idx,351,10
col_idx,352,11
col_idx,353,12
col_idx,354,13
col_idx,355,14
col_idx,356,15
col_idx,357,16
col_idx,358,17
col_idx,359,18
col_idx,360,19
col_idx,361,20
col_idx,362,21
col_idx,363,22
col_idx,364,23
col_idx,365,24
col_idx,366,25
col_idx,367,26
col_idx,368,27
col_idx,369,28
col_idx,370,29
col_idx,371,30
col_idx,372,31
col_idx,373,32
col_idx,374,33
col_idx,375,34
col_idx,376,0
col_idx,377,1
col_idx,378,2
col_idx,379,3
col_idx,380,4
col_idx,381,5
col_idx,382,6
col_idx,383,7
col_idx,384,8
col_idx,385,9
col_idx,386,10
col_idx,387,11
col_idx,388,12
col_idx,389,13
col_idx,390,14
col_idx,391,15
col_idx,392,16
col_idx,393,17
col_idx,394,18
col_idx,395,19
col_idx,396,20
col_idx,397,21
col_idx,398,22
col_idx,399,23
col_idx,400,24
col_idx,401,25
col_idx,402,26
col_idx,403,27
col_idx,404,28
col_idx,405,29
col_idx,406,30
col_idx,407,31
col_idx,408,32
col_idx,409,33
col_idx,410,34
col_idx,411,35
col_idx,412,0
col_idx,413,1
col_idx,414,2
col_idx,415,3
col_idx,416,4
col_idx,417,5
col_idx,418,6
col_idx,419,7
col_idx,420,8
col_idx,421,9
col_idx,422,10
col_idx,423,11
col_idx,424,12
col_idx,425,13
col_idx,426,14
col_idx,427,15
col_idx,428,16
col_idx,429,17
col_idx,430,18
col_idx,431,19
col_idx,432,20
col_idx,433,21
col_idx,434,22
col_idx,435,23
col_idx,436,24
col_idx,437,25
col_idx,438,26
col_idx,439,28
col_idx,440,29
col_idx,441,30
col_idx,442,31
col_idx,443,32
col_idx,444,33
col_idx,445,34
col_idx,446,35
col_idx,447,1
col_idx,448,2
col_idx,449,3
col_idx,450,4
col_idx,451,5
col_idx,452,6
col_idx,453,7
col_idx,454,8
col_idx,455,10
col_idx,456,11
col_idx,457,12
col_idx,458,13
col_idx,459,14
col_idx,460,15
col_idx,461,16
col_idx,462,17
col_idx,463,19
col_idx,464,20
col_idx,465,21
col_idx,466,22
col_idx,467,23
col_idx,468,24
col_idx,469,25
col_idx,470,26
col_idx,471,29
col_idx,472,30
col_idx,473,31
col_idx,474,32
col_idx,475,33
col_idx,476,34
col_idx,477,35
col_idx,478,2
col_idx,479,3
col_idx,480,4
col_idx,481,5
col_idx,482,6
col_idx,483,7
col_idx,484,8
col_idx,485,11
col_idx,486,12
col_idx,487,13
col_idx,488,14
col_idx,489,15
col_idx,490,16
col_idx,491,17
col_idx,492,20
col_idx,493,21
col_idx,494,22
col_idx,495,23
col_idx,496,24
col_idx,497,25
col_idx,498,26
col_idx,499,30
col_idx,500,31
col_idx,501,32
col_idx,502,33
col_idx,503,34
col_idx,504,35
col_idx,505,3
col_idx,506,4
col_idx,507,5
col_idx,508,6
col_idx,509,7
col_idx,510,8
col_idx,511,12
col_idx,512,13
col_idx,513,14
col_idx,514,15
col_idx,515,16
col_idx,516,17
col_idx,517,21
col_idx,518,22
col_idx,519,23
col_idx,520,24
col_idx,521,25
col_idx,522,26
col_idx,523,31
col_idx,524,32
col_idx,525,33
col_idx,526,34
col_idx,527,35
col_idx,528,0
col_idx,529,1
col_idx,530,2
col_idx,531,3
col_idx,532,4
col_idx,533,9
col_idx,534,10
col_idx,535,11
col_idx,536,12
col_idx,537,13
col_idx,538,14
col_idx,539,18
col_idx,540,19
col_idx,541,20
col_idx,542,21
col_idx,543,22
col_idx,544,23
col_idx,545,27
col_idx,546,28
col_idx,547,29
col_idx,548,30
col_idx,549,31
col_idx,550,32
col_idx,551,0
col_idx,552,1
col_idx,553,2
col_idx,554,3
col_idx,555,4
col_idx,556,5
col_idx,557,9
col_idx,558,10
col_idx,559,11
col_idx,560,12
col_idx,561,13
col_idx,562,14
col_idx,563,15
col_idx,564,18
col_idx,565,19
col_idx,566,20
col_idx,567,21
col_idx,568,22
col_idx,569,23
col_idx,570,24
col_idx,571,27
col_idx,572,28
col_idx,573,29
col_idx,574,30
col_idx,575,31
col_idx,576,32
col_idx,577,33
col_idx,578,0
col_idx,579,1
col_idx,580,2
col_idx,581,3
col_idx,582,4
col_idx,583,5
col_idx,584,6
col_idx,585,9
col_idx,586,10
col_idx,587,11
col_idx,588,12
col_idx,589,13
col_idx,590,14
col_idx,591,15
col_idx,592,16
col_idx,593,18
col_idx,594,19
col_idx,595,20
col_idx,596,21
col_idx,597,22
col_idx,598,23
col_idx,599,24
col_idx,600,25
col_idx,601,27
col_idx,602,28
col_idx,603,29
col_idx,604,30
col_idx,605,31
col_idx,606,32
col_idx,607,33
col_idx,608,34
col_idx,609,0
col_idx,610,1
col_idx,611,2
col_idx,612,3
col_idx,613,4
col_idx,614,5
col_idx,615,6
col_idx,616,7
col_idx,617,9
col_idx,618,10
col_idx,619,11
col_idx,620,12
col_idx,621,13
col_idx,622,14
col_idx,623,15
col_idx,624,16
col_idx,625,17
col_idx,626,18
col_idx,627,19
col_idx,628,20
col_idx,629,21
col_idx,630,22
col_idx,631,23
col_idx,632,24
col_idx,633,25
col_idx,634,26
col_idx,635,27
col_idx,636,28
col_idx,637,29
col_idx,638,30
col_idx,639,31
col_idx,640,32
col_idx,641,33
col_idx,642,34
col_idx,643,35
col_idx,644,0
col_idx,645,1
col_idx,646,2
col_idx,647,3
col_idx,648,4
col_idx,649,5
col_idx,650,6
col_idx,651,7
col_idx,652,8
col_idx,653,9
col_idx,654,10
col_idx,655,11
col_idx,656,12
col_idx,657,13
col_idx,658,14
col_idx,659,15
col_idx,660,16
col_idx,661,17
col_idx,662,18
col_idx,663,19
col_idx,664,20
col_idx,665,21
col_idx,666,22
col_idx,667,23
col_idx,668,24
col_idx,669,25
col_idx,670,26
col_idx,671,27
col_idx,672,28
col_idx,673,29
col_idx,674,30
col_idx,675,31
col_idx,676,32
col_idx,677,33
col_idx,678,34
col_idx,679,35
col_idx,680,1
col_idx,681,2
col_idx,682,3
col_idx,683,4
col_idx,684,5
col_idx,685,6
col_idx,686,7
col_idx,687,8
col_idx,688,9
col_idx,689,10
col_idx,690,11
col_idx,691,12
col_idx,692,13
col_idx,693,14
col_idx,694,15
col_idx,695,16
col_idx,696,17
col_idx,697,18
col_idx,698,19
col_idx,699,20
col_idx,700,21
col_idx,701,22
col_idx,702,23
col_idx,703,24
col_idx,704,25
col_idx,705,26
col_idx,706,27
col_idx,707,28
col_idx,708,29
col_idx,709,30
col_idx,710,31
col_idx,711,32
col_idx,712,33
col_idx,713,34
col_idx,714,35
col_idx,715,2
col_idx,716,3
col_idx,717,4
col_idx,718,5
col_idx,719,6
col_idx,720,7
col_idx,721,8
col_idx,722,10
col_idx,723,11
col_idx,724,12
col_idx,725,13
col_idx,726,14
col_idx,727,15
col_idx,728,16
col_idx,729,17
col_idx,730,19
col_idx,731,20
col_idx,732,21
col_idx,733,22
col_idx,734,23
col_idx,735,24
col_idx,736,25
col_idx,737,26
col_idx,738,28
col_idx,739,29
col_idx,740,30
col_idx,741,31
col_idx,742,32
col_idx,743,33
col_idx,744,34
col_idx,745,35
col_idx,746,3
col_idx,747,4
col_idx,748,5
col_idx,749,6
col_idx,750,7
col_idx,751,8
col_idx,752,11
col_idx,753,12
col_idx,754,13
col_idx,755,14
col_idx,756,15
col_idx,757,16
col_idx,758,17
col_idx,759,20
col_idx,760,21
col_idx,761,22
col_idx,762,23
col_idx,763,24
col_idx,764,25
col_idx,765,26
col_idx,766,29
col_idx,767,30
col_idx,768,31
col_idx,769,32
col_idx,770,33
col_idx,771,34
col_idx,772,35
col_idx,773,4
col_idx,774,5
col_idx,775,6
col_idx,776,7
col_idx,777,8
col_idx,778,12
col_idx,779,13
col_idx,780,14
col_idx,781,15
col_idx,782,16
col_idx,783,17
col_idx,784,21
col_idx,785,22
col_idx,786,23
col_idx,787,24
col_idx,788,25
col_idx,789,26
col_idx,790,30
col_idx,791,31
col_idx,792,32
col_idx,793,33
col_idx,794,34
col_idx,795,35
col_idx,796,0
col_idx,797,1
col_idx,798,2
col_idx,799,3
col_idx,800,4
col_idx,801,9
col_idx,802,10
col_idx,803,11
col_idx,804,12
col_idx,805,13
col_idx,806,18
col_idx,807,19
col_idx,808,20
col_idx,809,21
col_idx,810,22
col_idx,811,23
col_idx,812,27
col_idx,813,28
col_idx,814,29
col_idx,815,30
col_idx,816,31
col_idx,817,32
col_idx,818,0
col_idx,819,1
col_idx,820,2
col_idx,821,3
col_idx,822,4
col_idx,823,5
col_idx,824,9
col_idx,825,10
col_idx,826,11
col_idx,827,12
col_idx,828,13
col_idx,829,14
col_idx,830,18
col_idx,831,19
col_idx,832,20
col_idx,833,21
col_idx,834,22
col_idx,835,23
col_idx,836,24
col_idx,837,27
col_idx,838,28
col_idx,839,29
col_idx,840,30
col_idx,841,31
col_idx,842,32
col_idx,843,33
col_idx,844,0
col_idx,845,1
col_idx,846,2
col_idx,847,3
col_idx,848,4
col_idx,849,5
col_idx,850,6
col_idx,851,9
col_idx,852,10
col_idx,853,11
col_idx,854,12
col_idx,855,13
col_idx,856,14
col_idx,857,15
col_idx,858,18
col_idx,859,19
col_idx,860,20
col_idx,861,21
col_idx,862,22
col_idx,863,23
col_idx,864,24
col_idx,865,25
col_idx,866,27
col_idx,867,28
col_idx,868,29
col_idx,869,30
col_idx,870,31
col_idx,871,32
col_idx,872,33
col_idx,873,34
col_idx,874,0
col_idx,875,1
col_idx,876,2
col_idx,877,3
col_idx,878,4
col_idx,879,5
col_idx,880,6
col_idx,881,7
col_idx,882,9
col_idx,883,10
col_idx,884,11
col_idx,885,12
col_idx,886,13
col_idx,887,14
col_idx,888,15
col_idx,889,16
col_idx,890,18
col_idx,891,19
col_idx,892,20
col_idx,893,21
col_idx,894,22
col_idx,895,23
col_idx,896,24
col_idx,897,25
col_idx,898,26
col_idx,899,27
col_idx,900,28
col_idx,901,29
col_idx,902,30
col_idx,903,31
col_idx,904,32
col_idx,905,33
col_idx,906,34
col_idx,907,35
col_idx,908,0
col_idx,909,1
col_idx,910,2
col_idx,911,3
col_idx,912,4
col_idx,913,5
col_idx,914,6
col_idx,915,7
col_idx,916,8
col_idx,917,9
col_idx,918,10
col_idx,919,11
col_idx,920,12
col_idx,921,13
col_idx,922,14
col_idx,923,15
col_idx,924,16
col_idx,925,17
col_idx,926,18
col_idx,927,19
col_idx,928,20
col_idx,929,21
col_idx,930,22
col_idx,931,23
col_idx,932,24
col_idx,933,25
col_idx,934,26
col_idx,935,27
col_idx,936,28
col_idx,937,29
col_idx,938,30
col_idx,939,31
col_idx,940,32
col_idx,941,33
col_idx,942,34
col_idx,943,35
col_idx,944,1
col_idx,945,2
col_idx,946,3
col_idx,947,4
col_idx,948,5
col_idx,949,6
col_idx,950,7
col_idx,951,8
col_idx,952,10
col_idx,953,11
col_idx,954,12
col_idx,955,13
col_idx,956,14
col_idx,957,15
col_idx,958,16
col_idx,959,17
col_idx,960,18
col_idx,961,19
col_idx,962,20
col_idx,963,21
col_idx,964,22
col_idx,965,23
col_idx,966,24
col_idx,967,25
col_idx,968,26
col_idx,969,27
col_idx,970,28
col_idx,971,29
col_idx,972,30
col_idx,973,31
col_idx,974,32
col_idx,975,33
col_idx,976,34
col_idx,977,35
col_idx,978,2
col_idx,979,3
col_idx,980,4
col_idx,981,5
col_idx,982,6
col_idx,983,7
col_idx,984,8
col_idx,985,11
col_idx,986,12
col_idx,987,13
col_idx,988,14
col_idx,989,15
col_idx,990,16
col_idx,991,17
col_idx,992,19
col_idx,993,20
col_idx,994,21
col_idx,995,22
col_idx,996,23
col_idx,997,24
col_idx,998,25
col_idx,999,26
col_idx,1000,28
col_idx,1001,29
col_idx,1002,30
col_idx,1003,31
col_idx,1004,32
col_idx,1005,33
col_idx,1006,34
col_idx,1007,35
col_idx,1008,3
col_idx,1009,4
col_idx,1010,5
col_idx,1011,6
col_idx,1012,7
col_idx,1013,8
col_idx,1014,12
col_idx,1015,13
col_idx,1016,14
col_idx,1017,15
col_idx,1018,16
col_idx,1019,17
col_idx,1020,20
col_idx,1021,21
col_idx,1022,22
col_idx,1023,23
col_idx,1024,24
col_idx,1025,25
col_idx,1026,26
col_idx,1027,29
col_idx,1028,30
col_idx,1029,31
col_idx,1030,32
col_idx,1031,33
col_idx,1032,34
col_idx,1033,35
col_idx,1034,4
col_idx,1035,5
col_idx,1036,6
col_idx,1037,7
col_idx,1038,8
col_idx,1039,13
col_idx,1040,14
col_idx,1041,15
col_idx,1042,16
col_idx,1043,17
col_idx,1044,21
col_idx,1045,22
col_idx,1046,23
col_idx,1047,24
col_idx,1048,25
col_idx,1049,26
col_idx,1050,30
col_idx,1051,31
col_idx,1052,32
col_idx,1053,33
col_idx,1054,34
col_idx,1055,35
values,0,0.3896928790929218
values,1,0.08099175095956121
values,2,0.01307997035675138
values,3,0.0006250122969634301
values,4,6.609047527589328e-06
values,5,1.521883092530426e-10
values,6,0.09097415881507723
values,7,0.04338289550342826
values,8,0.008348575770116377
values,9,0.0004427398824773778
values,10,3.686913186004192e-06
values,11,6.327588035765236e-12
values,12,0.01820184993191388
values,13,0.01102332921492147
values,14,0.001997547442050879
values,15,0.0001506351073580219
values,16,4.408137393984345e-07
values,17,0.001626838894123978
values,18,0.0009985803715587222
values,19,0.0002339316283334764
values,20,1.794423589031821e-05
values,21,3.51777681361154e-09
values,22,0.08099175095956121
values,23,0.3947739946414242
values,24,0.08435536989229205
values,25,0.01322056392893797
values,26,0.0006228075336744341
values,27,6.60880141010952e-06
values,28,1.521883092530582e-10
values,29,0.04370349065168053
values,30,0.09363207188291427
values,31,0.04517787065682584
values,32,0.008373814726506897
values,33,0.0004418586628870084
values,34,3.68691318508666e-06
values,35,6.327588035764837e-12
values,36,0.01100411017846084
values,37,0.01895207658456444
values,38,0.01143669487468329
values,39,0.001996230861135342
values,40,0.0001505980437660306
values,41,4.408137393982798e-07
values,42,0.0009861380372506948
values,43,0.001731116255394954
values,44,0.001042994972806025
values,45,0.0002346873482348328
values,46,1.794643244945663e-05
values,47,3.51777681360962e-09
values,48,0.01307997035675138
values,49,0.08435536989229205
values,50,0.3954117577949587
values,51,0.08415195708829397
values,52,0.01319269191150143
values,53,0.0006228046719860812
values,54,6.608801410108398e-06
values,55,1.521883092530355e-10
values,56,0.008381967286309296
values,57,0.04558675629938121
values,58,0.09376922250798896
values,59,0.04503075454157759
values,60,0.008365704909868299
values,61,0.0004418586628699096
values,62,3.686913185088223e-06
values,63,6.327588035764622e-12
values,64,0.002042555266568518
values,65,0.01145067768477092
values,66,0.0189923286505108
values,67,0.01141097069375251
values,68,0.001996058698170854
values,69,0.000150598043766038
values,70,4.408137393989548e-07
values,71,0.000233147583647226
values,72,0.001030639044084047
values,73,0.001744029670415973
values,74,0.001043537995671561
values,75,0.0002346951212723098
values,76,1.794643244945785e-05
values,77,3.517776813615488e-09
values,78,0.0006250122969634301
values,79,0.01322056392893797
values,80,0.08415195708829397
values,81,0.3953475171737932
values,82,0.08414192638989448
values,83,0.0131926870778594
values,84,0.000622804671986064
values,85,6.608801410107328e-06
values,86,1.521883092530491e-10
values,87,0.0004477793581446341
values,88,0.008438766286813544
values,89,0.04554322045534385
values,90,0.09374720673610196
values,91,0.04502749933058642
values,92,0.00836570490983885
values,93,0.0004418586628699009
values,94,3.686913185084429e-06
values,95,6.327588035763716e-12
values,96,0.0001498833176807677
values,97,0.002043939826313904
values,98,0.011443850032522
values,99,0.01898871793017549
values,100,0.01141091895706604
values,101,0.001996058698171078
values,102,0.000150598043766048
values,103,4.408137393977967e-07
values,104,1.61137636920877e-05
values,105,0.0002331323746149591
values,106,0.001030218408418914
values,107,0.001744012815357891
values,108,0.001043538369477369
values,109,0.0002346951212723865
values,110,1.7946432449463e-05
values,111,3.517776813617894e-09
values,112,6.609047527589328e-06
values,113,0.0006228075336744341
values,114,0.01319269191150143
values,115,0.08414192638989448
values,116,0.3953459213180053
values,117,0.08414192564437455
values,118,0.01319268706092612
values,119,0.0006228046611999526
values,120,6.608800824923711e-06
values,121,4.322943094752784e-06
values,122,0.0004471084286996342
values,123,0.008434647649926224
values,124,0.04554120297363284
values,125,0.09374675816458157
values,126,0.04502749932991538
values,127,0.008365704907713002
values,128,0.0004418586616696889
values,129,3.686913126080353e-06
values,130,4.868042537341224e-07
values,131,0.0001497529891944627
values,132,0.002043647621511472
values,133,0.01144365326634253
values,134,0.0189887125054827
values,135,0.01141091895706453
values,136,0.001996058698103762
values,137,0.0001505980437371683
values,138,4.408137393990655e-07
values,139,7.168846177161575e-09
values,140,1.611207047718112e-05
values,141,0.0002331163684406435
values,142,0.001030216684386148
values,143,0.001744012815358219
values,144,0.001043538369477511
values,145,0.0002346951212723892
values,146,1.794643244946276e-05
values,147,3.517776813615869e-09
values,148,1.521883092530426e-10
values,149,6.60880141010952e-06
values,150,0.0006228046719860812
values,151,0.0131926870778594
values,152,0.08414192564437455
values,153,0.3953453355167537
values,154,0.08413758723956102
values,155,0.0131549251484124
values,156,0.000618467198117238
values,157,4.423964714106824e-12
values,158,4.322910670744715e-06
values,159,0.000447108034539396
values,160,0.008434647048923381
values,161,0.04554120279703591
values,162,0.09374669130858966
values,163,0.04502651614530158
values,164,0.008363070330742279
values,165,0.0004407560858596756
values,166,4.868038038584222e-07
values,167,0.0001497529732841514
values,168,0.002043647593590499
values,169,0.01144365326466215
values,170,0.01898871166737632
values,171,0.01141088146885275
values,172,0.00199587967721276
values,173,0.0001504656463732089
values,174,7.168846177161684e-09
values,175,1.611207047718335e-05
values,176,0.0002331163684406943
values,177,0.001030216684386263
values,178,0.001744012815358091
values,179,0.001043537995671691
values,180,0.0002346873482348366
values,181,1.794423589031126e-05
values,182,1.521883092530582e-10
values,183,6.608801410108398e-06
values,184,0.000622804671986064
values,185,0.01319268706092612
values,186,0.08413758723956102
values,187,0.3952851772827872
values,188,0.0837026499680643
values,189,0.0128610573024409
values,190,4.423964714106605e-12
values,191,4.322910670743846e-06
values,192,0.0004471080345393571
values,193,0.008434647048923971
values,194,0.04554063602982293
values,195,0.09372171146890676
values,196,0.04494075642035597
values,197,0.008264605878290936
values,198,4.868038038585526e-07
values,199,0.0001497529732841385
values,200,0.002043647593590525
values,201,0.01144364640557915
values,202,0.01898535828517257
values,203,0.01139760164639714
values,204,0.001982428029461701
values,205,7.168846177165921e-09
values,206,1.611207047718596e-05
values,207,0.0002331163684406964
values,208,0.00103021840841909
values,209,0.001744029670415954
values,210,0.001042994972805677
values,211,0.0002339316283333233
values,212,1.521883092530355e-10
values,213,6.608801410107328e-06
values,214,0.0006228046611999526
values,215,0.0131549251484124
values,216,0.0837026499680643
values,217,0.3949841577801889
values,218,0.08187446416036677
values,219,4.423964714106509e-12
values,220,4.322910670741706e-06
values,221,0.0004471080345393836
values,222,0.008425987642503017
values,223,0.04526846351392528
values,224,0.09310460050362702
values,225,0.04350856457883718
values,226,4.868038038576949e-07
values,227,0.0001497529732841604
values,228,0.002043631128667978
values,229,0.01140456176432014
values,230,0.01879946417889877
values,231,0.01096778518194012
values,232,7.168846177164698e-09
values,233,1.611207047718767e-05
values,234,0.0002331323746150037
values,235,0.001030639044083768
values,236,0.001731116255394045
values,237,0.000998580371558089
values,238,1.521883092530491e-10
values,239,6.608800824923711e-06
values,240,0.000618467198117238
values,241,0.0128610573024409
values,242,0.08187446416036677
values,243,0.3995877117928749
values,244,4.423964714105863e-12
values,245,4.322910670744464e-06
values,246,0.0004462794092990998
values,247,0.008256750212418489
values,248,0.04322400639239672
values,249,0.0921187685931974
values,250,4.868038038589389e-07
values,251,0.0001497552520752111
values,252,0.002025086248716271
values,253,0.01086846975554921
values,254,0.01805887392291394
values,255,7.168846177172447e-09
values,256,1.611376369207695e-05
values,257,0.0002331475836470757
values,258,0.0009861380372499957
values,259,0.001626838894123069
values,260,0.09097415881507723
values,261,0.04370349065168053
values,262,0.008381967286309296
values,263,0.0004477793581446341
values,264,4.322943094752784e-06
values,265,4.423964714106824e-12
values,266,0.3913913024321332
values,267,0.08242150138705298
values,268,0.01341617611434181
values,269,0.0006697653852166324
values,270,7.406621576653485e-06
values,271,1.460897461184077e-10
values,272,0.0948640391060996
values,273,0.04547146127557426
values,274,0.008707850501585124
values,275,0.000471354776625266
values,276,3.911699029080559e-06
values,277,6.298428784906718e-12
values,278,0.01805887392291861
values,279,0.01096778518194618
values,280,0.001982428029462253
values,281,0.0001504656463732261
values,282,4.408137393981534e-07
values,283,0.04338289550342826
values,284,0.09363207188291427
values,285,0.04558675629938121
values,286,0.008438766286813544
values,287,0.0004471084286996342
values,288,4.322910670744715e-06
values,289,4.423964714106605e-12
values,290,0.08242150138705298
values,291,0.3943392619075151
values,292,0.08513384437122375
values,293,0.01354750694679058
values,294,0.0006690984959529905
values,295,7.406621576004825e-06
values,296,1.460897461184198e-10
values,297,0.04563642523517724
values,298,0.09713227381695608
values,299,0.04713440681643304
values,300,0.008763943987992391
values,301,0.0004714290445041208
values,302,3.91169902907957e-06
values,303,6.298428784907157e-12
values,304,0.01086846975556478
values,305,0.01879946417892088
values,306,0.01139760164640399
values,307,0.001995879677212762
values,308,0.0001505980437371487
values,309,4.408137393980881e-07
values,310,0.008348575770116377
values,311,0.04517787065682584
values,312,0.09376922250798896
values,313,0.04554322045534385
values,314,0.008434647649926224
values,315,0.000447108034539396
values,316,4.322910670743846e-06
values,317,4.423964714106509e-12
values,318,0.01341617611434181
values,319,0.08513384437122375
values,320,0.3945182284971828
values,321,0.085069872830989
values,322,0.0135419885186664
values,323,0.0006690984959481688
values,324,7.406621576009305e-06
values,325,1.460897461183769e-10
values,326,0.008728411993709833
values,327,0.04754833313618916
values,328,0.09740800354709939
values,329,0.04711820445513203
values,330,0.008763466024775518
values,331,0.0004714290445041729
values,332,3.911699029084486e-06
values,333,6.29842878490809e-12
values,334,0.002025086248716367
values,335,0.01140456176432235
values,336,0.01898535828516932
values,337,0.01141088146885413
values,338,0.001996058698103666
values,339,0.0001505980437660514
values,340,4.408137393986268e-07
values,341,0.0004427398824773778
values,342,0.008373814726506897
values,343,0.04503075454157759
values,344,0.09374720673610196
values,345,0.04554120297363284
values,346,0.008434647048923381
values,347,0.0004471080345393571
values,348,4.322910670741706e-06
values,349,4.423964714105863e-12
values,350,0.0006697653852166324
values,351,0.01354750694679058
values,352,0.085069872830989
values,353,0.3945070586002858
values,354,0.08506899627361181
values,355,0.01354198851865594
values,356,0.0006690984959481692
values,357,7.406621576002353e-06
values,358,1.460897461184006e-10
values,359,0.0004752953437283617
values,360,0.008815507138078823
values,361,0.04757746916917921
values,362,0.0974088070663193
values,363,0.04711823026854464
values,364,0.008763466024774626
values,365,0.000471429044504228
values,366,3.911699029083007e-06
values,367,6.298428784907345e-12
values,368,0.0001497552520752175
values,369,0.0020436311286678
values,370,0.01144364640557498
values,371,0.01898871166737864
values,372,0.01141091895705824
values,373,0.001996058698170934
values,374,0.0001505980437660583
values,375,4.408137393984132e-07
values,376,3.686913186004192e-06
values,377,0.0004418586628870084
values,378,0.008365704909868299
values,379,0.04502749933058642
values,380,0.09374675816458157
values,381,0.04554120279703591
values,382,0.008434647048923971
values,383,0.0004471080345393836
values,384,4.322910670744464e-06
values,385,7.406621576653485e-06
values,386,0.0006690984959529905
values,387,0.0135419885186664
values,388,0.08506899627361181
values,389,0.394506908320407
values,390,0.08506899627359019
values,391,0.01354198851865967
values,392,0.0006690984959481957
values,393,7.406621576012305e-06
values,394,4.47917037395688e-06
values,395,0.00047512748193774
values,396,0.008815230353300382
values,397,0.04757731789381107
values,398,0.0974088029663488
values,399,0.04711823026854468
values,400,0.008763466024775349
values,401,0.0004714290445041849
values,402,3.911699029085343e-06
values,403,4.868038038580997e-07
values,404,0.0001497529732841475
values,405,0.00204364759359042
values,406,0.01144365326466521
values,407,0.01898871250547118
values,408,0.01141091895705379
values,409,0.001996058698170511
values,410,0.0001505980437659819
values,411,4.408137393982198e-07
values,412,6.327588035765236e-12
values,413,3.68691318508666e-06
values,414,0.0004418586628699096
values,415,0.00836570490983885
values,416,0.04502749932991538
values,417,0.09374669130858966
values,418,0.04554063602982293
values,419,0.008425987642503017
values,420,0.0004462794092990998
values,421,1.460897461184077e-10
values,422,7.406621576004825e-06
values,423,0.0006690984959481688
values,424,0.01354198851865594
values,425,0.08506899627359019
values,426,0.3945068929794076
values,427,0.08506875829506529
values,428,0.01354005682152014
values,429,0.0006685277337722004
values,430,4.402080337181453e-12
values,431,4.479170373902501e-06
values,432,0.000475127481936947
values,433,0.008815230353296167
values,434,0.04757731789381468
values,435,0.09740880706634009
values,436,0.04711820445512855
values,437,0.00876394398798875
values,438,0.0004713547766251175
values,439,4.868038038577278e-07
values,440,0.0001497529732841189
values,441,0.002043647593590325
values,442,0.01144365326633779
values,443,0.01898871793015461
values,444,0.01141097069374691
values,445,0.00199623086113478
values,446,0.0001506351073579341
values,447,6.327588035764837e-12
values,448,3.686913185088223e-06
values,449,0.0004418586628699009
values,450,0.008365704907713002
values,451,0.04502651614530158
values,452,0.09372171146890676
values,453,0.04526846351392528
values,454,0.008256750212418489
values,455,1.460897461184198e-10
values,456,7.406621576009305e-06
values,457,0.0006690984959481692
values,458,0.01354198851865967
values,459,0.08506875829506529
values,460,0.3944912546773449
values,461,0.08497263012205462
values,462,0.0133059746372152
values,463,4.402080337181754e-12
values,464,4.479170373907229e-06
values,465,0.000475127481936973
values,466,0.008815230353301817
values,467,0.04757746916919638
values,468,0.09740800354711764
values,469,0.04713440681639727
values,470,0.008707850501577139
values,471,4.868038038584549e-07
values,472,0.0001497529732841362
values,473,0.002043647621511125
values,474,0.01144385003251179
values,475,0.01899232865050188
values,476,0.01143669487468039
values,477,0.001997547442049953
values,478,6.327588035764622e-12
values,479,3.686913185084429e-06
values,480,0.0004418586616696889
values,481,0.008363070330742279
values,482,0.04494075642035597
values,483,0.09310460050362702
values,484,0.04322400639239672
values,485,1.460897461183769e-10
values,486,7.406621576002353e-06
values,487,0.0006690984959481957
values,488,0.01354005682152014
values,489,0.08497263012205462
values,490,0.3937935177520185
values,491,0.08207156419699707
values,492,4.402080337182518e-12
values,493,4.479170373905557e-06
values,494,0.0004751274819378205
values,495,0.008815507138076342
values,496,0.04754833313615782
values,497,0.0971322738167734
values,498,0.0454714612755204
values,499,4.868038038585198e-07
values,500,0.0001497529891944167
values,501,0.002043939826313226
values,502,0.01145067768475908
values,503,0.01895207658453831
values,504,0.01102332921491265
values,505,6.327588035763716e-12
values,506,3.686913126080353e-06
values,507,0.0004407560858596756
values,508,0.008264605878290936
values,509,0.04350856457883718
values,510,0.0921187685931974
values,511,1.460897461184006e-10
values,512,7.406621576012305e-06
values,513,0.0006685277337722004
values,514,0.0133059746372152
values,515,0.08207156419699707
values,516,0.3925313841583802
values,517,4.402080337181983e-12
values,518,4.479170373965854e-06
values,519,0.0004752953437282328
values,520,0.008728411993704241
values,521,0.0456364252350878
values,522,0.09486403910603504
values,523,4.868042537353021e-07
values,524,0.0001498833176806732
values,525,0.002042555266566758
values,526,0.01100411017844087
values,527,0.01820184993188701
values,528,0.01820184993191388
values,529,0.01100411017846084
values,530,0.002042555266568518
values,531,0.0001498833176807677
values,532,4.868042537341224e-07
values,533,0.0948640391060996
values,534,0.04563642523517724
values,535,0.008728411993709833
values,536,0.0004752953437283617
values,537,4.47917037395688e-06
values,538,4.402080337181453e-12
values,539,0.3925313841566582
values,540,0.08207156419702094
values,541,0.0133059746372183
values,542,0.0006685277337721912
values,543,7.406621576003591e-06
values,544,1.460897461184222e-10
values,545,0.09211876859315299
values,546,0.043508564578838
values,547,0.008264605878291399
values,548,0.0004407560858596505
values,549,3.686913126077715e-06
values,550,6.327588035764917e-12
values,551,0.01102332921492147
values,552,0.01895207658456444
values,553,0.01145067768477092
values,554,0.002043939826313904
values,555,0.0001497529891944627
values,556,4.868038038584222e-07
values,557,0.04547146127557426
values,558,0.09713227381695608
values,559,0.04754833313618916
values,560,0.008815507138078823
values,561,0.00047512748193774
values,562,4.479170373902501e-06
values,563,4.402080337181754e-12
values,564,0.08207156419702094
values,565,0.393793517752311
values,566,0.08497263012207139
values,567,0.01354005682152659
values,568,0.0006690984959481418
values,569,7.406621576003576e-06
values,570,1.460897461184681e-10
values,571,0.04322400639240216
values,572,0.09310460050363575
values,573,0.04494075642035986
values,574,0.008363070330744746
values,575,0.0004418586616697365
values,576,3.686913185088429e-06
values,577,6.327588035766707e-12
values,578,0.001997547442050879
values,579,0.01143669487468329
values,580,0.0189923286505108
values,581,0.011443850032522
values,582,0.002043647621511472
values,583,0.0001497529732841514
values,584,4.868038038585526e-07
values,585,0.008707850501585124
values,586,0.04713440681643304
values,587,0.09740800354709939
values,588,0.04757746916917921
values,589,0.008815230353300382
values,590,0.000475127481936947
values,591,4.479170373907229e-06
values,592,4.402080337182518e-12
values,593,0.0133059746372183
values,594,0.08497263012207139
values,595,0.3944912546764193
values,596,0.08506875829506873
values,597,0.01354198851865706
values,598,0.0006690984959481335
values,599,7.406621576006154e-06
values,600,1.460897461184346e-10
values,601,0.008256750212418227
values,602,0.0452684635139207
values,603,0.09372171146887828
values,604,0.04502651614530839
values,605,0.008365704907710313
values,606,0.0004418586628698567
values,607,3.686913185078495e-06
values,608,6.327588035767505e-12
values,609,0.0001506351073580219
values,610,0.001996230861135342
values,611,0.01141097069375251
values,612,0.01898871793017549
values,613,0.01144365326634253
values,614,0.002043647593590499
values,615,0.0001497529732841385
values,616,4.868038038576949e-07
values,617,0.000471354776625266
values,618,0.008763943987992391
values,619,0.04711820445513203
values,620,0.0974088070663193
values,621,0.04757731789381107
values,622,0.008815230353296167
values,623,0.000475127481936973
values,624,4.479170373905557e-06
values,625,4.402080337181983e-12
values,626,0.0006685277337721912
values,627,0.01354005682152659
values,628,0.08506875829506873
values,629,0.3945068929800441
values,630,0.08506899627358379
values,631,0.01354198851865151
values,632,0.0006690984959480841
values,633,7.406621576000249e-06
values,634,1.460897461183967e-10
values,635,0.0004462794092990462
values,636,0.008425987642505845
values,637,0.04554063602983301
values,638,0.09374669130865704
values,639,0.0450274993298907
values,640,0.008365704909829587
values,641,0.0004418586628696223
values,642,3.686913185071016e-06
values,643,6.327588035764101e-12
values,644,4.408137393984345e-07
values,645,0.0001505980437660306
values,646,0.001996058698170854
values,647,0.01141091895706604
values,648,0.0189887125054827
values,649,0.01144365326466215
values,650,0.002043647593590525
values,651,0.0001497529732841604
values,652,4.868038038589389e-07
values,653,3.911699029080559e-06
values,654,0.0004714290445041208
values,655,0.008763466024775518
values,656,0.04711823026854464
values,657,0.0974088029663488
values,658,0.04757731789381468
values,659,0.008815230353301817
values,660,0.0004751274819378205
values,661,4.479170373965854e-06
values,662,7.406621576003591e-06
values,663,0.0006690984959481418
values,664,0.01354198851865706
values,665,0.08506899627358379
values,666,0.39450690831968
values,667,0.08506899627357747
values,668,0.01354198851866138
values,669,0.0006690984959528347
values,670,7.406621576654649e-06
values,671,4.322910670744902e-06
values,672,0.0004471080345394632
values,673,0.008434647048922635
values,674,0.04554120279704044
values,675,0.09374675816447724
values,676,0.04502749933051003
values,677,0.008365704909861719
values,678,0.0004418586628866635
values,679,3.686913185995468e-06
values,680,4.408137393982798e-07
values,681,0.000150598043766038
values,682,0.001996058698171078
values,683,0.01141091895706453
values,684,0.01898871166737632
values,685,0.01144364640557915
values,686,0.002043631128667978
values,687,0.0001497552520752111
values,688,6.298428784906718e-12
values,689,3.91169902907957e-06
values,690,0.0004714290445041729
values,691,0.008763466024774626
values,692,0.04711823026854468
values,693,0.09740880706634009
values,694,0.04757746916919638
values,695,0.008815507138076342
values,696,0.0004752953437282328
values,697,1.460897461184222e-10
values,698,7.406621576003576e-06
values,699,0.0006690984959481335
values,700,0.01354198851865151
values,701,0.08506899627357747
values,702,0.3945070585994102
values,703,0.08506987283094784
values,704,0.01354750694678198
values,705,0.0006697653852162636
values,706,4.423964714106469e-12
values,707,4.322910670744653e-06
values,708,0.0004471080345392813
values,709,0.008434647048920533
values,710,0.04554120297357497
values,711,0.09374720673585574
values,712,0.04503075454151714
values,713,0.008373814726504824
values,714,0.000442739882477106
values,715,4.408137393989548e-07
values,716,0.000150598043766048
values,717,0.001996058698103762
values,718,0.01141088146885275
values,719,0.01898535828517257
values,720,0.01140456176432014
values,721,0.002025086248716271
values,722,6.298428784907157e-12
values,723,3.911699029084486e-06
values,724,0.000471429044504228
values,725,0.008763466024775349
values,726,0.04711820445512855
values,727,0.09740800354711764
values,728,0.04754833313615782
values,729,0.008728411993704241
values,730,1.460897461184681e-10
values,731,7.406621576006154e-06
values,732,0.0006690984959480841
values,733,0.01354198851866138
values,734,0.08506987283094784
values,735,0.3945182284957876
values,736,0.08513384437111361
values,737,0.01341617611432019
values,738,4.423964714107851e-12
values,739,4.322910670734011e-06
values,740,0.0004471080345391872
values,741,0.008434647649918076
values,742,0.04554322045525497
values,743,0.093769222507851
values,744,0.04517787065680308
values,745,0.00834857577011539
values,746,4.408137393977967e-07
values,747,0.0001505980437371683
values,748,0.00199587967721276
values,749,0.01139760164639714
values,750,0.01879946417889877
values,751,0.01086846975554921
values,752,6.29842878490809e-12
values,753,3.911699029083007e-06
values,754,0.0004714290445041849
values,755,0.00876394398798875
values,756,0.04713440681639727
values,757,0.0971322738167734
values,758,0.0456364252350878
values,759,1.460897461184346e-10
values,760,7.406621576000249e-06
values,761,0.0006690984959528347
values,762,0.01354750694678198
values,763,0.08513384437111361
values,764,0.3943392619028365
values,765,0.08242150138680399
values,766,4.423964714108458e-12
values,767,4.322910670734806e-06
values,768,0.0004471084286991676
values,769,0.008438766286799581
values,770,0.04558675629930774
values,771,0.09363207188271261
values,772,0.04338289550337011
values,773,4.408137393990655e-07
values,774,0.0001504656463732089
values,775,0.001982428029461701
values,776,0.01096778518194012
values,777,0.01805887392291394
values,778,6.298428784907345e-12
values,779,3.911699029085343e-06
values,780,0.0004713547766251175
values,781,0.008707850501577139
values,782,0.0454714612755204
values,783,0.09486403910603504
values,784,1.460897461183967e-10
values,785,7.406621576654649e-06
values,786,0.0006697653852162636
values,787,0.01341617611432019
values,788,0.08242150138680399
values,789,0.3913913024290257
values,790,4.423964714105831e-12
values,791,4.322943094731019e-06
values,792,0.0004477793581441951
values,793,0.008381967286295564
values,794,0.04370349065154455
values,795,0.09097415881480525
values,796,0.001626838894123978
values,797,0.0009861380372506948
values,798,0.000233147583647226
values,799,1.61137636920877e-05
values,800,7.168846177161575e-09
values,801,0.01805887392291861
values,802,0.01086846975556478
values,803,0.002025086248716367
values,804,0.0001497552520752175
values,805,4.868038038580997e-07
values,806,0.09211876859315299
values,807,0.04322400639240216
values,808,0.008256750212418227
values,809,0.0004462794092990462
values,810,4.322910670744902e-06
values,811,4.423964714106469e-12
values,812,0.3995877117931696
values,813,0.08187446416038018
values,814,0.0128610573024418
values,815,0.0006184671981172142
values,816,6.608800824927621e-06
values,817,1.521883092530619e-10
values,818,0.0009985803715587222
values,819,0.001731116255394954
values,820,0.001030639044084047
values,821,0.0002331323746149591
values,822,1.611207047718112e-05
values,823,7.168846177161684e-09
values,824,0.01096778518194618
values,825,0.01879946417892088
values,826,0.01140456176432235
values,827,0.0020436311286678
values,828,0.0001497529732841475
values,829,4.868038038577278e-07
values,830,0.043508564578838
values,831,0.09310460050363575
values,832,0.0452684635139207
values,833,0.008425987642505845
values,834,0.0004471080345394632
values,835,4.322910670744653e-06
values,836,4.423964714107851e-12
values,837,0.08187446416038018
values,838,0.394984157780311
values,839,0.08370264996807178
values,840,0.01315492514841451
values,841,0.0006228046612001389
values,842,6.608801410117072e-06
values,843,1.521883092531049e-10
values,844,0.0002339316283334764
values,845,0.001042994972806025
values,846,0.001744029670415973
values,847,0.001030218408418914
values,848,0.0002331163684406435
values,849,1.611207047718335e-05
values,850,7.168846177165921e-09
values,851,0.001982428029462253
values,852,0.01139760164640399
values,853,0.01898535828516932
values,854,0.01144364640557498
values,855,0.00204364759359042
values,856,0.0001497529732841189
values,857,4.868038038584549e-07
values,858,0.008264605878291399
values,859,0.04494075642035986
values,860,0.09372171146887828
values,861,0.04554063602983301
values,862,0.008434647048922635
values,863,0.0004471080345392813
values,864,4.322910670734011e-06
values,865,4.423964714108458e-12
values,866,0.0128610573024418
values,867,0.08370264996807178
values,868,0.3952851772827601
values,869,0.08413758723957411
values,870,0.01319268706092106
values,871,0.0006228046719859325
values,872,6.60880141008014e-06
values,873,1.521883092530491e-10
values,874,1.794423589031821e-05
values,875,0.0002346873482348328
values,876,0.001043537995671561
values,877,0.001744012815357891
values,878,0.001030216684386148
values,879,0.0002331163684406943
values,880,1.611207047718596e-05
values,881,7.168846177164698e-09
values,882,0.0001504656463732261
values,883,0.001995879677212762
values,884,0.01141088146885413
values,885,0.01898871166737864
values,886,0.01144365326466521
values,887,0.002043647593590325
values,888,0.0001497529732841362
values,889,4.868038038585198e-07
values,890,0.0004407560858596505
values,891,0.008363070330744746
values,892,0.04502651614530839
values,893,0.09374669130865704
values,894,0.04554120279704044
values,895,0.008434647048920533
values,896,0.0004471080345391872
values,897,4.322910670734806e-06
values,898,4.423964714105831e-12
values,899,0.0006184671981172142
values,900,0.01315492514841451
values,901,0.08413758723957411
values,902,0.3953453355175114
values,903,0.08414192564433562
values,904,0.01319268707784115
values,905,0.0006228046719855563
values,906,6.608801410101048e-06
values,907,1.52188309252979e-10
values,908,3.51777681361154e-09
values,909,1.794643244945663e-05
values,910,0.0002346951212723098
values,911,0.001043538369477369
values,912,0.001744012815358219
values,913,0.001030216684386263
values,914,0.0002331163684406964
values,915,1.611207047718767e-05
values,916,7.168846177172447e-09
values,917,4.408137393981534e-07
values,918,0.0001505980437371487
values,919,0.001996058698103666
values,920,0.01141091895705824
values,921,0.01898871250547118
values,922,0.01144365326633779
values,923,0.002043647621511125
values,924,0.0001497529891944167
values,925,4.868042537353021e-07
values,926,3.686913126077715e-06
values,927,0.0004418586616697365
values,928,0.008365704907710313
values,929,0.0450274993298907
values,930,0.09374675816447724
values,931,0.04554120297357497
values,932,0.008434647649918076
values,933,0.0004471084286991676
values,934,4.322943094731019e-06
values,935,6.608800824927621e-06
values,936,0.0006228046612001389
values,937,0.01319268706092106
values,938,0.08414192564433562
values,939,0.3953459213153169
values,940,0.08414192638968192
values,941,0.01319269191148454
values,942,0.0006228075336737563
values,943,6.609047527549441e-06
values,944,3.51777681360962e-09
values,945,1.794643244945785e-05
values,946,0.0002346951212723865
values,947,0.001043538369477511
values,948,0.001744012815358091
values,949,0.00103021840841909
values,950,0.0002331323746150037
values,951,1.611376369207695e-05
values,952,4.408137393980881e-07
values,953,0.0001505980437660514
values,954,0.001996058698170934
values,955,0.01141091895705379
values,956,0.01898871793015461
values,957,0.01144385003251179
values,958,0.002043939826313226
values,959,0.0001498833176806732
values,960,6.327588035764917e-12
values,961,3.686913185088429e-06
values,962,0.0004418586628698567
values,963,0.008365704909829587
values,964,0.04502749933051003
values,965,0.09374720673585574
values,966,0.04554322045525497
values,967,0.008438766286799581
values,968,0.0004477793581441951
values,969,1.521883092530619e-10
values,970,6.608801410117072e-06
values,971,0.0006228046719859325
values,972,0.01319268707784115
values,973,0.08414192638968192
values,974,0.3953475171682264
values,975,0.08415195708806555
values,976,0.01322056392892647
values,977,0.0006250122969628577
values,978,3.517776813615488e-09
values,979,1.7946432449463e-05
values,980,0.0002346951212723892
values,981,0.001043537995671691
values,982,0.001744029670415954
values,983,0.001030639044083768
values,984,0.0002331475836470757
values,985,4.408137393986268e-07
values,986,0.0001505980437660583
values,987,0.001996058698170511
values,988,0.01141097069374691
values,989,0.01899232865050188
values,990,0.01145067768475908
values,991,0.002042555266566758
values,992,6.327588035766707e-12
values,993,3.686913185078495e-06
values,994,0.0004418586628696223
values,995,0.008365704909861719
values,996,0.04503075454151714
values,997,0.093769222507851
values,998,0.04558675629930774
values,999,0.008381967286295564
values,1000,1.521883092531049e-10
values,1001,6.60880141008014e-06
values,1002,0.0006228046719855563
values,1003,0.01319269191148454
values,1004,0.08415195708806555
values,1005,0.3954117577911047
values,1006,0.08435536989225149
values,1007,0.01307997035675073
values,1008,3.517776813617894e-09
values,1009,1.794643244946276e-05
values,1010,0.0002346873482348366
values,1011,0.001042994972805677
values,1012,0.001731116255394045
values,1013,0.0009861380372499957
values,1014,4.408137393984132e-07
values,1015,0.0001505980437659819
values,1016,0.00199623086113478
values,1017,0.01143669487468039
values,1018,0.01895207658453831
values,1019,0.01100411017844087
values,1020,6.327588035767505e-12
values,1021,3.686913185071016e-06
values,1022,0.0004418586628866635
values,1023,0.008373814726504824
values,1024,0.04517787065680308
values,1025,0.09363207188271261
values,1026,0.04370349065154455
values,1027,1.521883092530491e-10
values,1028,6.608801410101048e-06
values,1029,0.0006228075336737563
values,1030,0.01322056392892647
values,1031,0.08435536989225149
values,1032,0.3947739946399093
values,1033,0.08099175095948928
values,1034,3.517776813615869e-09
values,1035,1.794423589031126e-05
values,1036,0.0002339316283333233
values,1037,0.000998580371558089
values,1038,0.001626838894123069
values,1039,4.408137393982198e-07
values,1040,0.0001506351073579341
values,1041,0.001997547442049953
values,1042,0.01102332921491265
values,1043,0.01820184993188701
values,1044,6.327588035764101e-12
values,1045,3.686913185995468e-06
values,1046,0.000442739882477106
values,1047,0.00834857577011539
values,1048,0.04338289550337011
values,1049,0.09097415881480525
values,1050,1.52188309252979e-10
values,1051,6.609047527549441e-06
values,1052,0.0006250122969628577
values,1053,0.01307997035675073
values,1054,0.08099175095948928
values,1055,0.3896928790921719
