formulation,dominant_block,component_label,family,mode_label,positive_rank,eig_index,m,n,p,ar_m,b_m,r_m,r1_m,r2_m,kc_fem,kc_ana,kc_ar_fem,kc_ar_ana,kc_r_fem,kc_r_ana,kc_r1_fem,kc_r1_ana,error_percent,rho_abs,edge_energy,scalar_energy,dominant_energy_ratio,match_space,match_method,mode_status,field_data_kind,field_status,fields_csv_file,vtk_file
E,edge,Et,TE,TE_m1_n0,1,171,1,0,,1,0.5,,,,3.14332680856239,3.141592653589793,3.14332680856239,3.141592653589793,,,,,0.05519986719523674,0.9999999644788402,426.163679614398,0,1,edge_Tt,mass_correlation,edge_dominant,edge_vector_cell,cell_centroid_unit_peak_normalized,mixed_rect_E_Et_TE_m1_n0_rank01_fields.csv,mixed_rect_E_Et_TE_m1_n0_rank01.vtk
E,edge,Et,TE,TE_m0_n1,2,172,0,1,,1,0.5,,,,6.233207968550781,6.283185307179586,6.233207968550781,6.283185307179586,,,,,0.7954140485351867,0.9999949505167389,763.9640342782278,0,1,edge_Tt,mass_correlation,edge_dominant,edge_vector_cell,cell_centroid_unit_peak_normalized,mixed_rect_E_Et_TE_m0_n1_rank02_fields.csv,mixed_rect_E_Et_TE_m0_n1_rank02.vtk
E,edge,Et,TE,TE_m2_n0,3,173,2,0,,1,0.5,,,,6.296639159213179,6.283185307179586,6.296639159213179,6.283185307179586,,,,,0.2141247054773302,0.9999681588174445,435.040141636783,0,1,edge_Tt,mass_correlation,edge_dominant,edge_vector_cell,cell_centroid_unit_peak_normalized,mixed_rect_E_Et_TE_m2_n0_rank03_fields.csv,mixed_rect_E_Et_TE_m2_n0_rank03.vtk
E,edge,Et,TE,TE_m1_n1,4,174,1,1,,1,0.5,,,,6.997143442966131,7.024814731040727,6.997143442966131,7.024814731040727,,,,,0.3939077275920764,0.9998967972173629,696.2108671502967,0,1,edge_Tt,mass_correlation,edge_dominant,edge_vector_cell,cell_centroid_unit_peak_normalized,mixed_rect_E_Et_TE_m1_n1_rank04_fields.csv,mixed_rect_E_Et_TE_m1_n1_rank04.vtk
E,edge,Et,TE,TE_m2_n1,5,176,2,1,,1,0.5,,,,8.911257138858728,8.885765876316732,8.911257138858728,8.885765876316732,,,,,0.2868774948250417,0.9997787674004275,605.2798296648808,0,1,edge_Tt,mass_correlation,edge_dominant,edge_vector_cell,cell_centroid_unit_peak_normalized,mixed_rect_E_Et_TE_m2_n1_rank05_fields.csv,mixed_rect_E_Et_TE_m2_n1_rank05.vtk
E,edge,Et,TE,TE_m3_n0,6,178,3,0,,1,0.5,,,,9.468452310784775,9.424777960769379,9.468452310784775,9.424777960769379,,,,,0.4633992460850531,0.9996533162623188,445.4429211103522,0,1,edge_Tt,mass_correlation,edge_dominant,edge_vector_cell,cell_centroid_unit_peak_normalized,mixed_rect_E_Et_TE_m3_n0_rank06_fields.csv,mixed_rect_E_Et_TE_m3_n0_rank06.vtk
E,edge,Et,TE,TE_m3_n1,7,179,3,1,,1,0.5,,,,11.42744188027735,11.32717339913898,11.42744188027735,11.32717339913898,,,,,0.8852030211349253,0.9997465349548009,555.0577471098378,0,1,edge_Tt,mass_correlation,edge_dominant,edge_vector_cell,cell_centroid_unit_peak_normalized,mixed_rect_E_Et_TE_m3_n1_rank07_fields.csv,mixed_rect_E_Et_TE_m3_n1_rank07.vtk
E,edge,Et,TE,TE_m0_n2,8,181,0,2,,1,0.5,,,,12.18087406916244,12.56637061435917,12.18087406916244,12.56637061435917,,,,,3.06768403564545,0.9997821036766872,728.2864426528273,0,1,edge_Tt,mass_correlation,edge_dominant,edge_vector_cell,cell_centroid_unit_peak_normalized,mixed_rect_E_Et_TE_m0_n2_rank08_fields.csv,mixed_rect_E_Et_TE_m0_n2_rank08.vtk
E,edge,Et,TE,TE_m1_n2,9,182,1,2,,1,0.5,,,,12.61297057384132,12.95311834341519,12.61297057384132,12.95311834341519,,,,,2.625991367914812,0.999656525034237,711.9869579030873,0,1,edge_Tt,mass_correlation,edge_dominant,edge_vector_cell,cell_centroid_unit_peak_normalized,mixed_rect_E_Et_TE_m1_n2_rank09_fields.csv,mixed_rect_E_Et_TE_m1_n2_rank09.vtk
E,edge,Et,TE,TE_m4_n0,10,183,4,0,,1,0.5,,,,12.66107795395152,12.56637061435917,12.66107795395152,12.56637061435917,,,,,0.7536570621602097,0.9997268690458007,466.7130030623272,0,1,edge_Tt,mass_correlation,edge_dominant,edge_vector_cell,cell_centroid_unit_peak_normalized,mixed_rect_E_Et_TE_m4_n0_rank10_fields.csv,mixed_rect_E_Et_TE_m4_n0_rank10.vtk
E,edge,Et,TE,TE_m2_n2,11,185,2,2,,1,0.5,,,,13.8359913678188,14.04962946208145,13.8359913678188,14.04962946208145,,,,,1.520595933431815,0.9992263711934348,672.6590683224075,0,1,edge_Tt,mass_correlation,edge_dominant,edge_vector_cell,cell_centroid_unit_peak_normalized,mixed_rect_E_Et_TE_m2_n2_rank11_fields.csv,mixed_rect_E_Et_TE_m2_n2_rank11.vtk
E,edge,Et,TE,TE_m4_n1,12,186,4,1,,1,0.5,,,,14.24655874615833,14.04962946208145,14.24655874615833,14.04962946208145,,,,,1.401668881078827,0.9991414686760369,540.4124233251202,0,1,edge_Tt,mass_correlation,edge_dominant,edge_vector_cell,cell_centroid_unit_peak_normalized,mixed_rect_E_Et_TE_m4_n1_rank12_fields.csv,mixed_rect_E_Et_TE_m4_n1_rank12.vtk
E,edge,Et,TE,TE_m3_n2,13,189,3,2,,1,0.5,,,,15.68127238389677,15.70796326794897,15.68127238389677,15.70796326794897,,,,,0.1699194452959923,0.9982278952515855,634.6154494762561,0,1,edge_Tt,mass_correlation,edge_dominant,edge_vector_cell,cell_centroid_unit_peak_normalized,mixed_rect_E_Et_TE_m3_n2_rank13_fields.csv,mixed_rect_E_Et_TE_m3_n2_rank13.vtk
E,edge,Et,TE,TE_m5_n0,14,190,5,0,,1,0.5,,,,15.86748502104508,15.70796326794897,15.86748502104508,15.70796326794897,,,,,1.015547021437274,0.999508175961107,495.8990072537734,0,1,edge_Tt,mass_correlation,edge_dominant,edge_vector_cell,cell_centroid_unit_peak_normalized,mixed_rect_E_Et_TE_m5_n0_rank14_fields.csv,mixed_rect_E_Et_TE_m5_n0_rank14.vtk
E,edge,Et,TE,TE_m5_n1,15,192,5,1,,1,0.5,,,,17.22410276965677,16.91799419646405,17.22410276965677,16.91799419646405,,,,,1.809366817590534,0.9947772297676621,553.6260860601951,0,1,edge_Tt,mass_correlation,edge_dominant,edge_vector_cell,cell_centroid_unit_peak_normalized,mixed_rect_E_Et_TE_m5_n1_rank15_fields.csv,mixed_rect_E_Et_TE_m5_n1_rank15.vtk
E,edge,Et,TE,TE_m0_n3,16,193,0,3,,1,0.5,,,,17.61959179865531,18.84955592153876,17.61959179865531,18.84955592153876,,,,,6.525162332752958,0.9995893238671085,676.9740331976855,0,1,edge_Tt,mass_correlation,edge_dominant,edge_vector_cell,cell_centroid_unit_peak_normalized,mixed_rect_E_Et_TE_m0_n3_rank16_fields.csv,mixed_rect_E_Et_TE_m0_n3_rank16.vtk
E,edge,Et,TE,TE_m1_n3,17,194,1,3,,1,0.5,,,,17.92136354341547,19.10956207871615,17.92136354341547,19.10956207871615,,,,,6.217821896735511,0.8506285386716684,666.6787857551988,0,1,edge_Tt,mass_correlation,edge_dominant,edge_vector_cell,cell_centroid_unit_peak_normalized,mixed_rect_E_Et_TE_m1_n3_rank17_fields.csv,mixed_rect_E_Et_TE_m1_n3_rank17.vtk
E,edge,Et,TE,TE_m4_n2,18,195,4,2,,1,0.5,,,,18.00388092701694,17.77153175263346,18.00388092701694,17.77153175263346,,,,,1.307423454644245,0.840675658533695,612.9779304789164,0,1,edge_Tt,mass_correlation,edge_dominant,edge_vector_cell,cell_centroid_unit_peak_normalized,mixed_rect_E_Et_TE_m4_n2_rank18_fields.csv,mixed_rect_E_Et_TE_m4_n2_rank18.vtk
E,edge,Et,TE,TE_m2_n3,19,196,2,3,,1,0.5,,,,18.89142238026491,19.8691765315922,18.89142238026491,19.8691765315922,,,,,4.920959606819422,0.9973551909776049,655.1604917602576,0,1,edge_Tt,mass_correlation,edge_dominant,edge_vector_cell,cell_centroid_unit_peak_normalized,mixed_rect_E_Et_TE_m2_n3_rank19_fields.csv,mixed_rect_E_Et_TE_m2_n3_rank19.vtk
E,edge,Et,TE,TE_m6_n0,20,198,6,0,,1,0.5,,,,19.0583716417412,18.84955592153876,19.0583716417412,18.84955592153876,,,,,1.107801802183775,0.9989437160807645,536.135629488891,0,1,edge_Tt,mass_correlation,edge_dominant,edge_vector_cell,cell_centroid_unit_peak_normalized,mixed_rect_E_Et_TE_m6_n0_rank20_fields.csv,mixed_rect_E_Et_TE_m6_n0_rank20.vtk
E,scalar,Ez,TM,TM_m1_n1,1,175,1,1,,1,0.5,,,,7.106127567262446,7.024814731040727,7.106127567262446,7.024814731040727,,,,,1.157508622432702,0.9996633134941697,0,432.6119153484607,1,scalar_Tz,mass_correlation,scalar_dominant,scalar_nodal,nodal_unit_peak_normalized,mixed_rect_E_Ez_TM_m1_n1_rank01_fields.csv,mixed_rect_E_Ez_TM_m1_n1_rank01.vtk
E,scalar,Ez,TM,TM_m2_n1,2,177,2,1,,1,0.5,,,,9.146578295816301,8.885765876316732,9.146578295816301,8.885765876316732,,,,,2.935170959148421,0.9996745599011794,0,455.5415175475528,1,scalar_Tz,mass_correlation,scalar_dominant,scalar_nodal,nodal_unit_peak_normalized,mixed_rect_E_Ez_TM_m2_n1_rank02_fields.csv,mixed_rect_E_Ez_TM_m2_n1_rank02.vtk
E,scalar,Ez,TM,TM_m3_n1,3,180,3,1,,1,0.5,,,,11.93413334834412,11.32717339913898,11.93413334834412,11.32717339913898,,,,,5.358441402965354,0.9996929141949779,0,495.8547735342252,1,scalar_Tz,mass_correlation,scalar_dominant,scalar_nodal,nodal_unit_peak_normalized,mixed_rect_E_Ez_TM_m3_n1_rank03_fields.csv,mixed_rect_E_Ez_TM_m3_n1_rank03.vtk
E,scalar,Ez,TM,TM_m1_n2,4,184,1,2,,1,0.5,,,,13.48948130744351,12.95311834341519,13.48948130744351,12.95311834341519,,,,,4.140801850243133,0.9980023411697808,0,505.787864557994,1,scalar_Tz,mass_correlation,scalar_dominant,scalar_nodal,nodal_unit_peak_normalized,mixed_rect_E_Ez_TM_m1_n2_rank04_fields.csv,mixed_rect_E_Ez_TM_m1_n2_rank04.vtk
E,scalar,Ez,TM,TM_m2_n2,5,187,2,2,,1,0.5,,,,14.88564150551527,14.04962946208145,14.88564150551527,14.04962946208145,,,,,5.950420583618474,0.998009634581678,0,530.8564548019713,1,scalar_Tz,mass_correlation,scalar_dominant,scalar_nodal,nodal_unit_peak_normalized,mixed_rect_E_Ez_TM_m2_n2_rank05_fields.csv,mixed_rect_E_Ez_TM_m2_n2_rank05.vtk
E,scalar,Ez,TM,TM_m4_n1,6,188,4,1,,1,0.5,,,,15.22811939387242,14.04962946208145,15.22811939387242,14.04962946208145,,,,,8.388049912430754,0.9997175878966001,0,556.6253335502025,1,scalar_Tz,mass_correlation,scalar_dominant,scalar_nodal,nodal_unit_peak_normalized,mixed_rect_E_Ez_TM_m4_n1_rank06_fields.csv,mixed_rect_E_Ez_TM_m4_n1_rank06.vtk
E,scalar,Ez,TM,TM_m3_n2,7,191,3,2,,1,0.5,,,,17.06134856185491,15.70796326794897,17.06134856185491,15.70796326794897,,,,,8.615918377320366,0.9980351511319063,0,574.5432396058532,1,scalar_Tz,mass_correlation,scalar_dominant,scalar_nodal,nodal_unit_peak_normalized,mixed_rect_E_Ez_TM_m3_n2_rank07_fields.csv,mixed_rect_E_Ez_TM_m3_n2_rank07.vtk
E,scalar,Ez,TM,TM_m5_n1,8,197,5,1,,1,0.5,,,,18.93151540215472,16.91799419646405,18.93151540215472,16.91799419646405,,,,,11.90165442964569,0.9997553458377966,0,641.6543013953378,1,scalar_Tz,mass_correlation,scalar_dominant,scalar_nodal,nodal_unit_peak_normalized,mixed_rect_E_Ez_TM_m5_n1_rank08_fields.csv,mixed_rect_E_Ez_TM_m5_n1_rank08.vtk
E,scalar,Ez,TM,TM_m4_n2,9,199,4,2,,1,0.5,,,,19.88126681315737,17.77153175263346,19.88126681315737,17.77153175263346,,,,,11.87143061098981,0.9980987949221148,0,639.4619128543553,1,scalar_Tz,mass_correlation,scalar_dominant,scalar_nodal,nodal_unit_peak_normalized,mixed_rect_E_Ez_TM_m4_n2_rank09_fields.csv,mixed_rect_E_Ez_TM_m4_n2_rank09.vtk
E,scalar,Ez,TM,TM_m1_n3,10,203,1,3,,1,0.5,,,,20.74980434497894,19.10956207871615,20.74980434497894,19.10956207871615,,,,,8.583358736878983,0.9932858331046719,0,620.6513868653105,1,scalar_Tz,mass_correlation,scalar_dominant,scalar_nodal,nodal_unit_peak_normalized,mixed_rect_E_Ez_TM_m1_n3_rank10_fields.csv,mixed_rect_E_Ez_TM_m1_n3_rank10.vtk
E,scalar,Ez,TM,TM_m2_n3,11,204,2,3,,1,0.5,,,,21.90473654749472,19.8691765315922,21.90473654749472,19.8691765315922,,,,,10.2448131791771,0.9933240842189206,0,648.2364750053638,1,scalar_Tz,mass_correlation,scalar_dominant,scalar_nodal,nodal_unit_peak_normalized,mixed_rect_E_Ez_TM_m2_n3_rank11_fields.csv,mixed_rect_E_Ez_TM_m2_n3_rank11.vtk
E,scalar,Ez,TM,TM_m6_n1,12,209,6,1,,1,0.5,,,,22.95482250266,19.8691765315922,22.95482250266,19.8691765315922,,,,,15.52981305572273,0.999803288756115,0,753.8465939939872,1,scalar_Tz,mass_correlation,scalar_dominant,scalar_nodal,nodal_unit_peak_normalized,mixed_rect_E_Ez_TM_m6_n1_rank12_fields.csv,mixed_rect_E_Ez_TM_m6_n1_rank12.vtk
E,scalar,Ez,TM,TM_m5_n2,13,211,5,2,,1,0.5,,,,23.22261006051993,20.11600806434178,23.22261006051993,20.11600806434178,,,,,15.44343184911023,0.9982401793565282,0,728.4361707752422,1,scalar_Tz,mass_correlation,scalar_dominant,scalar_nodal,nodal_unit_peak_normalized,mixed_rect_E_Ez_TM_m5_n2_rank13_fields.csv,mixed_rect_E_Ez_TM_m5_n2_rank13.vtk
E,scalar,Ez,TM,TM_m3_n3,14,214,3,3,,1,0.5,,,,23.77042463889198,21.07444419312218,23.77042463889198,21.07444419312218,,,,,12.7926526605606,0.9934396319126471,0,695.6795779738686,1,scalar_Tz,mass_correlation,scalar_dominant,scalar_nodal,nodal_unit_peak_normalized,mixed_rect_E_Ez_TM_m3_n3_rank14_fields.csv,mixed_rect_E_Ez_TM_m3_n3_rank14.vtk
E,scalar,Ez,TM,TM_m4_n3,15,219,4,3,,1,0.5,,,,26.26653969475751,22.65434679827795,26.26653969475751,22.65434679827795,,,,,15.94481151296816,0.9936849176397377,0,764.7378524187775,1,scalar_Tz,mass_correlation,scalar_dominant,scalar_nodal,nodal_unit_peak_normalized,mixed_rect_E_Ez_TM_m4_n3_rank15_fields.csv,mixed_rect_E_Ez_TM_m4_n3_rank15.vtk
E,scalar,Ez,TM,TM_m6_n2,16,224,6,2,,1,0.5,,,,26.93554903488506,22.65434679827795,26.93554903488506,22.65434679827795,,,,,18.89792839638413,0.9984658348397442,0,842.6486471552374,1,scalar_Tz,mass_correlation,scalar_dominant,scalar_nodal,nodal_unit_peak_normalized,mixed_rect_E_Ez_TM_m6_n2_rank16_fields.csv,mixed_rect_E_Ez_TM_m6_n2_rank16.vtk
E,scalar,Ez,TM,TM_m7_n1,17,225,7,1,,1,0.5,,,,27.10107196686015,22.87113974549008,27.10107196686015,22.87113974549008,,,,,18.49462802659044,0.9998656705996215,0,890.96088300232,1,scalar_Tz,mass_correlation,scalar_dominant,scalar_nodal,nodal_unit_peak_normalized,mixed_rect_E_Ez_TM_m7_n1_rank17_fields.csv,mixed_rect_E_Ez_TM_m7_n1_rank17.vtk
E,scalar,Ez,TM,TM_m1_n4,18,232,1,4,,1,0.5,,,,29.0733794994572,25.32832971340211,29.0733794994572,25.32832971340211,,,,,14.78601166532293,0.981628917571031,0,783.0031069579354,1,scalar_Tz,mass_correlation,scalar_dominant,scalar_nodal,nodal_unit_peak_normalized,mixed_rect_E_Ez_TM_m1_n4_rank18_fields.csv,mixed_rect_E_Ez_TM_m1_n4_rank18.vtk
E,scalar,Ez,TM,TM_m5_n3,19,234,5,3,,1,0.5,,,,29.27954643132762,24.53662300453041,29.27954643132762,24.53662300453041,,,,,19.32997636195284,0.9940581122090089,0,856.6535021372495,1,scalar_Tz,mass_correlation,scalar_dominant,scalar_nodal,nodal_unit_peak_normalized,mixed_rect_E_Ez_TM_m5_n3_rank19_fields.csv,mixed_rect_E_Ez_TM_m5_n3_rank19.vtk
E,scalar,Ez,TM,TM_m2_n4,20,236,2,4,,1,0.5,,,,30.10326429672407,25.90623668683038,30.10326429672407,25.90623668683038,,,,,16.20083866533682,0.9818385557850589,0,812.8390192631275,1,scalar_Tz,mass_correlation,scalar_dominant,scalar_nodal,nodal_unit_peak_normalized,mixed_rect_E_Ez_TM_m2_n4_rank20_fields.csv,mixed_rect_E_Ez_TM_m2_n4_rank20.vtk
H,edge,Ht,TM,TM_m1_n1,1,234,1,1,,1,0.5,,,,6.997085120694475,7.024814731040727,6.997085120694475,7.024814731040727,,,,,0.3947379597603069,0.9999646843795368,745.0397269303485,0,1,edge_Tt,mass_correlation,edge_dominant,edge_vector_cell,cell_centroid_unit_peak_normalized,mixed_rect_H_Ht_TM_m1_n1_rank01_fields.csv,mixed_rect_H_Ht_TM_m1_n1_rank01.vtk
H,edge,Ht,TM,TM_m2_n1,2,236,2,1,,1,0.5,,,,8.911612951512186,8.885765876316732,8.911612951512186,8.885765876316732,,,,,0.2908817940425862,0.999974538425179,663.9558163825222,0,1,edge_Tt,mass_correlation,edge_dominant,edge_vector_cell,cell_centroid_unit_peak_normalized,mixed_rect_H_Ht_TM_m2_n1_rank02_fields.csv,mixed_rect_H_Ht_TM_m2_n1_rank02.vtk
H,edge,Ht,TM,TM_m3_n1,3,239,3,1,,1,0.5,,,,11.42827949832836,11.32717339913898,11.42827949832836,11.32717339913898,,,,,0.892597787874133,0.9999439397460387,623.5459164235544,0,1,edge_Tt,mass_correlation,edge_dominant,edge_vector_cell,cell_centroid_unit_peak_normalized,mixed_rect_H_Ht_TM_m3_n1_rank03_fields.csv,mixed_rect_H_Ht_TM_m3_n1_rank03.vtk
H,edge,Ht,TM,TM_m1_n2,4,241,1,2,,1,0.5,,,,12.61321975569118,12.95311834341519,12.61321975569118,12.95311834341519,,,,,2.624067646975536,0.9997244386702258,752.0317042387817,0,1,edge_Tt,mass_correlation,edge_dominant,edge_vector_cell,cell_centroid_unit_peak_normalized,mixed_rect_H_Ht_TM_m1_n2_rank04_fields.csv,mixed_rect_H_Ht_TM_m1_n2_rank04.vtk
H,edge,Ht,TM,TM_m2_n2,5,245,2,2,,1,0.5,,,,13.83610689826088,14.04962946208145,13.83610689826088,14.04962946208145,,,,,1.519773631018867,0.9993598787723624,720.0819559455476,0,1,edge_Tt,mass_correlation,edge_dominant,edge_vector_cell,cell_centroid_unit_peak_normalized,mixed_rect_H_Ht_TM_m2_n2_rank05_fields.csv,mixed_rect_H_Ht_TM_m2_n2_rank05.vtk
H,edge,Ht,TM,TM_m4_n1,6,246,4,1,,1,0.5,,,,14.24810731766235,14.04962946208145,14.24810731766235,14.04962946208145,,,,,1.412691033002466,0.9995931572077114,617.3317176675395,0,1,edge_Tt,mass_correlation,edge_dominant,edge_vector_cell,cell_centroid_unit_peak_normalized,mixed_rect_H_Ht_TM_m4_n1_rank06_fields.csv,mixed_rect_H_Ht_TM_m4_n1_rank06.vtk
H,edge,Ht,TM,TM_m3_n2,7,249,3,2,,1,0.5,,,,15.68121480515586,15.70796326794897,15.68121480515586,15.70796326794897,,,,,0.1702860029453018,0.9988666908119708,690.91817250322,0,1,edge_Tt,mass_correlation,edge_dominant,edge_vector_cell,cell_centroid_unit_peak_normalized,mixed_rect_H_Ht_TM_m3_n2_rank07_fields.csv,mixed_rect_H_Ht_TM_m3_n2_rank07.vtk
H,edge,Ht,TM,TM_m5_n1,8,251,5,1,,1,0.5,,,,17.22919966452421,16.91799419646405,17.22919966452421,16.91799419646405,,,,,1.839493881167064,0.9970684944849285,636.4701396631348,0,1,edge_Tt,mass_correlation,edge_dominant,edge_vector_cell,cell_centroid_unit_peak_normalized,mixed_rect_H_Ht_TM_m5_n1_rank08_fields.csv,mixed_rect_H_Ht_TM_m5_n1_rank08.vtk
H,edge,Ht,TM,TM_m1_n3,9,253,1,3,,1,0.5,,,,17.94055233162906,19.10956207871615,17.94055233162906,19.10956207871615,,,,,6.117407307774491,0.9453796392438761,707.0867832968389,0,1,edge_Tt,mass_correlation,edge_dominant,edge_vector_cell,cell_centroid_unit_peak_normalized,mixed_rect_H_Ht_TM_m1_n3_rank09_fields.csv,mixed_rect_H_Ht_TM_m1_n3_rank09.vtk
H,edge,Ht,TM,TM_m4_n2,10,254,4,2,,1,0.5,,,,17.98313804816448,17.77153175263346,17.98313804816448,17.77153175263346,,,,,1.190703752925853,0.9411871752170667,676.0086466285015,0,1,edge_Tt,mass_correlation,edge_dominant,edge_vector_cell,cell_centroid_unit_peak_normalized,mixed_rect_H_Ht_TM_m4_n2_rank10_fields.csv,mixed_rect_H_Ht_TM_m4_n2_rank10.vtk
H,edge,Ht,TM,TM_m2_n3,11,256,2,3,,1,0.5,,,,18.89292255961791,19.8691765315922,18.89292255961791,19.8691765315922,,,,,4.913409322334203,0.9977705063785532,695.307642313894,0,1,edge_Tt,mass_correlation,edge_dominant,edge_vector_cell,cell_centroid_unit_peak_normalized,mixed_rect_H_Ht_TM_m2_n3_rank11_fields.csv,mixed_rect_H_Ht_TM_m2_n3_rank11.vtk
H,edge,Ht,TM,TM_m6_n1,12,258,6,1,,1,0.5,,,,20.27352344774808,19.8691765315922,20.27352344774808,19.8691765315922,,,,,2.035046170700454,0.9696347700009247,680.3263006782691,0,1,edge_Tt,mass_correlation,edge_dominant,edge_vector_cell,cell_centroid_unit_peak_normalized,mixed_rect_H_Ht_TM_m6_n1_rank12_fields.csv,mixed_rect_H_Ht_TM_m6_n1_rank12.vtk
H,edge,Ht,TM,TM_m3_n3,13,259,3,3,,1,0.5,,,,20.39284152794663,21.07444419312218,20.39284152794663,21.07444419312218,,,,,3.23426164376849,0.9958672125515765,682.827771626006,0,1,edge_Tt,mass_correlation,edge_dominant,edge_vector_cell,cell_centroid_unit_peak_normalized,mixed_rect_H_Ht_TM_m3_n3_rank13_fields.csv,mixed_rect_H_Ht_TM_m3_n3_rank13.vtk
H,edge,Ht,TM,TM_m5_n2,14,260,5,2,,1,0.5,,,,20.60214139531,20.11600806434178,20.60214139531,20.11600806434178,,,,,2.416649115536741,0.9643022372560569,676.51472918066,0,1,edge_Tt,mass_correlation,edge_dominant,edge_vector_cell,cell_centroid_unit_peak_normalized,mixed_rect_H_Ht_TM_m5_n2_rank14_fields.csv,mixed_rect_H_Ht_TM_m5_n2_rank14.vtk
H,edge,Ht,TM,TM_m4_n3,15,264,4,3,,1,0.5,,,,22.35427546346633,22.65434679827795,22.35427546346633,22.65434679827795,,,,,1.324564056000204,0.9898085804155625,677.3726431352916,0,1,edge_Tt,mass_correlation,edge_dominant,edge_vector_cell,cell_centroid_unit_peak_normalized,mixed_rect_H_Ht_TM_m4_n3_rank15_fields.csv,mixed_rect_H_Ht_TM_m4_n3_rank15.vtk
H,edge,Ht,TM,TM_m1_n4,16,268,1,4,,1,0.5,,,,22.70025330640192,25.32832971340211,22.70025330640192,25.32832971340211,,,,,10.37603520144317,0.9956890024458546,645.9069820337577,0,1,edge_Tt,mass_correlation,edge_dominant,edge_vector_cell,cell_centroid_unit_peak_normalized,mixed_rect_H_Ht_TM_m1_n4_rank16_fields.csv,mixed_rect_H_Ht_TM_m1_n4_rank16.vtk
H,edge,Ht,TM,TM_m7_n1,17,269,7,1,,1,0.5,,,,23.25328677153831,22.87113974549008,23.25328677153831,22.87113974549008,,,,,1.670870058513759,0.8114189504007205,738.0914754578082,0,1,edge_Tt,mass_correlation,edge_dominant,edge_vector_cell,cell_centroid_unit_peak_normalized,mixed_rect_H_Ht_TM_m7_n1_rank17_fields.csv,mixed_rect_H_Ht_TM_m7_n1_rank17.vtk
H,edge,Ht,TM,TM_m6_n2,18,270,6,2,,1,0.5,,,,23.46522694397699,22.65434679827795,23.46522694397699,22.65434679827795,,,,,3.579357872991829,0.7951443879025152,707.7600797697135,0,1,edge_Tt,mass_correlation,edge_dominant,edge_vector_cell,cell_centroid_unit_peak_normalized,mixed_rect_H_Ht_TM_m6_n2_rank18_fields.csv,mixed_rect_H_Ht_TM_m6_n2_rank18.vtk
H,edge,Ht,TM,TM_m2_n4,19,271,2,4,,1,0.5,,,,23.51021349433103,25.90623668683038,23.51021349433103,25.90623668683038,,,,,9.248827691431494,0.9942612910808425,641.9823817884341,0,1,edge_Tt,mass_correlation,edge_dominant,edge_vector_cell,cell_centroid_unit_peak_normalized,mixed_rect_H_Ht_TM_m2_n4_rank19_fields.csv,mixed_rect_H_Ht_TM_m2_n4_rank19.vtk
H,edge,Ht,TM,TM_m5_n3,20,273,5,3,,1,0.5,,,,24.69675460998649,24.53662300453041,24.69675460998649,24.53662300453041,,,,,0.652622838222331,0.9799325648941024,682.8178229090063,0,1,edge_Tt,mass_correlation,edge_dominant,edge_vector_cell,cell_centroid_unit_peak_normalized,mixed_rect_H_Ht_TM_m5_n3_rank20_fields.csv,mixed_rect_H_Ht_TM_m5_n3_rank20.vtk
H,scalar,Hz,TE,TE_m1_n0,1,231,1,0,,1,0.5,,,,3.154456404366745,3.141592653589793,3.154456404366745,3.141592653589793,,,,,0.4094659045708102,0.9999978357408893,0,512.8034290377585,1,scalar_Tz,mass_correlation,scalar_dominant,scalar_nodal,nodal_unit_peak_normalized,mixed_rect_H_Hz_TE_m1_n0_rank01_fields.csv,mixed_rect_H_Hz_TE_m1_n0_rank01.vtk
H,scalar,Hz,TE,TE_m0_n1,2,232,0,1,,1,0.5,,,,6.354061595373085,6.283185307179586,6.354061595373085,6.283185307179586,,,,,1.128031161400104,0.9999974105907404,0,503.2974436359889,1,scalar_Tz,mass_correlation,scalar_dominant,scalar_nodal,nodal_unit_peak_normalized,mixed_rect_H_Hz_TE_m0_n1_rank02_fields.csv,mixed_rect_H_Hz_TE_m0_n1_rank02.vtk
H,scalar,Hz,TE,TE_m2_n0,3,233,2,0,,1,0.5,,,,6.385744683160175,6.283185307179586,6.385744683160175,6.283185307179586,,,,,1.632283164773083,0.9999647102611766,0,539.9887949343509,1,scalar_Tz,mass_correlation,scalar_dominant,scalar_nodal,nodal_unit_peak_normalized,mixed_rect_H_Hz_TE_m2_n0_rank03_fields.csv,mixed_rect_H_Hz_TE_m2_n0_rank03.vtk
H,scalar,Hz,TE,TE_m1_n1,4,235,1,1,,1,0.5,,,,7.123315047124779,7.024814731040727,7.123315047124779,7.024814731040727,,,,,1.402176710067612,0.9999977435954767,0,558.4881294549097,1,scalar_Tz,mass_correlation,scalar_dominant,scalar_nodal,nodal_unit_peak_normalized,mixed_rect_H_Hz_TE_m1_n1_rank04_fields.csv,mixed_rect_H_Hz_TE_m1_n1_rank04.vtk
H,scalar,Hz,TE,TE_m2_n1,5,237,2,1,,1,0.5,,,,9.098964567379836,8.885765876316732,9.098964567379836,8.885765876316732,,,,,2.399328251843132,0.999960743318104,0,587.0207614376089,1,scalar_Tz,mass_correlation,scalar_dominant,scalar_nodal,nodal_unit_peak_normalized,mixed_rect_H_Hz_TE_m2_n1_rank05_fields.csv,mixed_rect_H_Hz_TE_m2_n1_rank05.vtk
H,scalar,Hz,TE,TE_m3_n0,6,238,3,0,,1,0.5,,,,9.768288301840785,9.424777960769379,9.768288301840785,9.424777960769379,,,,,3.644757918979812,0.9998105366890806,0,587.9158330752914,1,scalar_Tz,mass_correlation,scalar_dominant,scalar_nodal,nodal_unit_peak_normalized,mixed_rect_H_Hz_TE_m3_n0_rank06_fields.csv,mixed_rect_H_Hz_TE_m3_n0_rank06.vtk
H,scalar,Hz,TE,TE_m3_n1,7,240,3,1,,1,0.5,,,,11.80236175792896,11.32717339913898,11.80236175792896,11.32717339913898,,,,,4.195118605901316,0.9997749792916463,0,637.1776934802496,1,scalar_Tz,mass_correlation,scalar_dominant,scalar_nodal,nodal_unit_peak_normalized,mixed_rect_H_Hz_TE_m3_n1_rank07_fields.csv,mixed_rect_H_Hz_TE_m3_n1_rank07.vtk
H,scalar,Hz,TE,TE_m0_n2,8,242,0,2,,1,0.5,,,,13.17956373783453,12.56637061435917,13.17956373783453,12.56637061435917,,,,,4.879635833553113,0.9993227337757444,0,569.5106439659124,1,scalar_Tz,mass_correlation,scalar_dominant,scalar_nodal,nodal_unit_peak_normalized,mixed_rect_H_Hz_TE_m0_n2_rank08_fields.csv,mixed_rect_H_Hz_TE_m0_n2_rank08.vtk
H,scalar,Hz,TE,TE_m4_n0,9,243,4,0,,1,0.5,,,,13.36872070605029,12.56637061435917,13.36872070605029,12.56637061435917,,,,,6.384899159143869,0.9992751026293545,0,660.6360360598762,1,scalar_Tz,mass_correlation,scalar_dominant,scalar_nodal,nodal_unit_peak_normalized,mixed_rect_H_Hz_TE_m4_n0_rank09_fields.csv,mixed_rect_H_Hz_TE_m4_n0_rank09.vtk
H,scalar,Hz,TE,TE_m1_n2,10,244,1,2,,1,0.5,,,,13.61819724212855,12.95311834341519,13.61819724212855,12.95311834341519,,,,,5.134508008656115,0.9993215253755507,0,631.9767021121773,1,scalar_Tz,mass_correlation,scalar_dominant,scalar_nodal,nodal_unit_peak_normalized,mixed_rect_H_Hz_TE_m1_n2_rank10_fields.csv,mixed_rect_H_Hz_TE_m1_n2_rank10.vtk
H,scalar,Hz,TE,TE_m2_n2,11,247,2,2,,1,0.5,,,,14.89483546695426,14.04962946208145,14.89483546695426,14.04962946208145,,,,,6.015859757397389,0.9990476073019614,0,661.409443157346,1,scalar_Tz,mass_correlation,scalar_dominant,scalar_nodal,nodal_unit_peak_normalized,mixed_rect_H_Hz_TE_m2_n2_rank11_fields.csv,mixed_rect_H_Hz_TE_m2_n2_rank11.vtk
H,scalar,Hz,TE,TE_m4_n1,12,248,4,1,,1,0.5,,,,14.99107853579426,14.04962946208145,14.99107853579426,14.04962946208145,,,,,6.700881872035741,0.9992646812902406,0,712.7167558729255,1,scalar_Tz,mass_correlation,scalar_dominant,scalar_nodal,nodal_unit_peak_normalized,mixed_rect_H_Hz_TE_m4_n1_rank12_fields.csv,mixed_rect_H_Hz_TE_m4_n1_rank12.vtk
H,scalar,Hz,TE,TE_m3_n2,13,250,3,2,,1,0.5,,,,16.89891214512257,15.70796326794897,16.89891214512257,15.70796326794897,,,,,7.581816030876862,0.9981392067063953,0,712.8186112808944,1,scalar_Tz,mass_correlation,scalar_dominant,scalar_nodal,nodal_unit_peak_normalized,mixed_rect_H_Hz_TE_m3_n2_rank13_fields.csv,mixed_rect_H_Hz_TE_m3_n2_rank13.vtk
H,scalar,Hz,TE,TE_m5_n0,14,252,5,0,,1,0.5,,,,17.23030538940396,15.70796326794897,17.23030538940396,15.70796326794897,,,,,9.69153094826259,0.9979672394967101,0,763.6295889533936,1,scalar_Tz,mass_correlation,scalar_dominant,scalar_nodal,nodal_unit_peak_normalized,mixed_rect_H_Hz_TE_m5_n0_rank14_fields.csv,mixed_rect_H_Hz_TE_m5_n0_rank14.vtk
H,scalar,Hz,TE,TE_m5_n1,15,255,5,1,,1,0.5,,,,18.56294541488447,16.91799419646405,18.56294541488447,16.91799419646405,,,,,9.723086551029928,0.9982281057476639,0,818.3067072272395,1,scalar_Tz,mass_correlation,scalar_dominant,scalar_nodal,nodal_unit_peak_normalized,mixed_rect_H_Hz_TE_m5_n1_rank15_fields.csv,mixed_rect_H_Hz_TE_m5_n1_rank15.vtk
H,scalar,Hz,TE,TE_m4_n2,16,257,4,2,,1,0.5,,,,19.51643655913315,17.77153175263346,19.51643655913315,17.77153175263346,,,,,9.818539171453912,0.9970663922186211,0,790.1056617503868,1,scalar_Tz,mass_correlation,scalar_dominant,scalar_nodal,nodal_unit_peak_normalized,mixed_rect_H_Hz_TE_m4_n2_rank16_fields.csv,mixed_rect_H_Hz_TE_m4_n2_rank16.vtk
H,scalar,Hz,TE,TE_m0_n3,17,261,0,3,,1,0.5,,,,21.05050165555492,18.84955592153876,21.05050165555492,18.84955592153876,,,,,11.67637976818974,0.9951397187214843,0,704.223286789161,1,scalar_Tz,mass_correlation,scalar_dominant,scalar_nodal,nodal_unit_peak_normalized,mixed_rect_H_Hz_TE_m0_n3_rank17_fields.csv,mixed_rect_H_Hz_TE_m0_n3_rank17.vtk
H,scalar,Hz,TE,TE_m6_n0,18,262,6,0,,1,0.5,,,,21.33283991802298,18.84955592153876,21.33283991802298,18.84955592153876,,,,,13.17423077138202,0.9951279223072663,0,900.6495059803232,1,scalar_Tz,mass_correlation,scalar_dominant,scalar_nodal,nodal_unit_peak_normalized,mixed_rect_H_Hz_TE_m6_n0_rank18_fields.csv,mixed_rect_H_Hz_TE_m6_n0_rank18.vtk
H,scalar,Hz,TE,TE_m1_n3,19,263,1,3,,1,0.5,,,,21.38595930068233,19.10956207871615,21.38595930068233,19.10956207871615,,,,,11.91234635618146,0.994153039597315,0,781.863144526552,1,scalar_Tz,mass_correlation,scalar_dominant,scalar_nodal,nodal_unit_peak_normalized,mixed_rect_H_Hz_TE_m1_n3_rank19_fields.csv,mixed_rect_H_Hz_TE_m1_n3_rank19.vtk
H,scalar,Hz,TE,TE_m2_n3,20,265,2,3,,1,0.5,,,,22.39570193615139,19.8691765315922,22.39570193615139,19.8691765315922,,,,,12.71580329734344,0.904130306305042,0,827.5083469310775,1,scalar_Tz,mass_correlation,scalar_dominant,scalar_nodal,nodal_unit_peak_normalized,mixed_rect_H_Hz_TE_m2_n3_rank20_fields.csv,mixed_rect_H_Hz_TE_m2_n3_rank20.vtk
