node_id,x_m,y_m,Hz
0,0,0,-0.8982758204170147
1,0.1,0,-0.8924714553865805
2,0.2,0,-0.8841705665542851
3,0.3,0,-0.8590400010810326
4,0.4,0,-0.8611539390873451
5,0.5,0,-0.8763454223115533
6,0.6,0,-0.8696431416487534
7,0.7,0,-0.8633386900612494
8,0.8,0,-0.8771755886636842
9,0.9,0,-0.8833406510890565
10,1,0,-0.8786980186447019
11,0,0.025,-0.7977653088938323
12,0.1,0.025,-0.7932091069949851
13,0.2,0.025,-0.7867276212754015
14,0.3,0.025,-0.7635657362737326
15,0.4,0.025,-0.7656202365765661
16,0.5,0.025,-0.7797307481050288
17,0.6,0.025,-0.7734106053029656
18,0.7,0.025,-0.7674378992619414
19,0.8,0.025,-0.7800759636004311
20,0.9,0.025,-0.7874254662815543
21,1,0.025,-0.7913062731576713
22,0,0.05,-0.4870456069920013
23,0.1,0.05,-0.4908138380684291
24,0.2,0.05,-0.4869887795673175
25,0.3,0.05,-0.4674918590421502
26,0.4,0.05,-0.4704179215084731
27,0.5,0.05,-0.4830266945713428
28,0.6,0.05,-0.4765093171353778
29,0.7,0.05,-0.4706385634131513
30,0.8,0.05,-0.4812484144350635
31,0.9,0.05,-0.4863260645571388
32,1,0.05,-0.4934239617445327
33,0,0.075,-0.05432330160155006
34,0.1,0.075,-0.06824425412795602
35,0.2,0.075,-0.06685860878739271
36,0.3,0.075,-0.05228534057317645
37,0.4,0.075,-0.05664599306856605
38,0.5,0.075,-0.06738093660607511
39,0.6,0.075,-0.06030061912433479
40,0.7,0.075,-0.0544764509439967
41,0.8,0.075,-0.06271320832505273
42,0.9,0.075,-0.06353668078244774
43,1,0.075,-0.0582158568589177
44,0,0.1,0.3953807382858387
45,0.1,0.1,0.3696940878100802
46,0.2,0.1,0.3688923646219611
47,0.3,0.1,0.3780698239023444
48,0.4,0.1,0.3720761986902419
49,0.5,0.1,0.3634500692854354
50,0.6,0.1,0.3712697618147126
51,0.7,0.1,0.3768982746734161
52,0.8,0.1,0.3707794337564329
53,0.9,0.1,0.3742416157651474
54,1,0.1,0.3964577167578985
55,0,0.125,0.7661184373340291
56,0.1,0.125,0.730483446172662
57,0.2,0.125,0.7276057787129342
58,0.3,0.125,0.7315753163191162
59,0.4,0.125,0.7241289002806859
60,0.5,0.125,0.7177936069628895
61,0.6,0.125,0.7263037146638965
62,0.7,0.125,0.7313835608863773
63,0.8,0.125,0.72676385503812
64,0.9,0.125,0.7335150835204359
65,1,0.125,0.7704834176156627
66,0,0.15,0.9819264539264057
67,0.1,0.15,0.9410745632386688
68,0.2,0.15,0.9366196895015275
69,0.3,0.15,0.9361059606478789
70,0.4,0.15,0.9277226544633075
71,0.5,0.15,0.9238240203410746
72,0.6,0.15,0.9327601189483319
73,0.7,0.15,0.9367882395759568
74,0.8,0.15,0.9328992006514449
75,0.9,0.15,0.9414762430574887
76,1,0.15,0.9866003520207109
77,0,0.175,0.9961346134615564
78,0.1,0.175,0.9566911415109528
79,0.2,0.175,0.9518706833192131
80,0.3,0.175,0.9479974317637416
81,0.4,0.175,0.9394307935464157
82,0.5,0.175,0.9380542524337928
83,0.6,0.175,0.9469777556076915
84,0.7,0.175,0.9493955647838779
85,0.8,0.175,0.9454476872787496
86,0.9,0.175,0.9540574548966516
87,1,0.175,1
88,0,0.2,0.8042516659661058
89,0.1,0.2,0.7748185734921553
90,0.2,0.2,0.771079833513058
91,0.3,0.2,0.765161160609206
92,0.4,0.2,0.7572577357138929
93,0.5,0.2,0.7583932697011567
94,0.6,0.2,0.766759217365929
95,0.7,0.2,0.7670861405334358
96,0.8,0.2,0.7624561589626343
97,0.9,0.2,0.7696221247292468
98,1,0.2,0.8081317577952685
99,0,0.225,0.4473070033523247
100,0.1,0.225,0.4337820374259975
101,0.2,0.225,0.4323530028674299
102,0.3,0.225,0.4256593464492295
103,0.4,0.225,0.4192050858679651
104,0.5,0.225,0.4227103222135977
105,0.6,0.225,0.429948663869454
106,0.7,0.225,0.4279056641487876
107,0.8,0.225,0.4222959574281315
108,0.9,0.225,0.4269503669517603
109,1,0.225,0.4510691231936133
110,0,0.25,-0.001872332350369888
111,0.1,0.25,0.003696541623826924
112,0.2,0.25,0.005277141491228846
113,0.3,0.25,-0.001177080725643809
114,0.4,0.25,-0.005584764066139419
115,0.5,0.25,-1.562194004708872e-10
116,0.6,0.25,0.005584764165570035
117,0.7,0.25,0.001177080993755826
118,0.8,0.25,-0.005277141726543862
119,0.9,0.25,-0.003696541703810583
120,1,0.25,0.001872332722260589
121,0,0.275,-0.4510691226708017
122,0.1,0.275,-0.4269503668838274
123,0.2,0.275,-0.4222959575522872
124,0.3,0.275,-0.4279056637917706
125,0.4,0.275,-0.4299486637101333
126,0.5,0.275,-0.4227103225248506
127,0.6,0.275,-0.4192050858273747
128,0.7,0.275,-0.4256593462676347
129,0.8,0.275,-0.4323530032239792
130,0.9,0.275,-0.4337820376579525
131,1,0.275,-0.447307003110427
132,0,0.3,-0.808131757172967
133,0.1,0.3,-0.7696221245653626
134,0.2,0.3,-0.7624561589948252
135,0.3,0.3,-0.7670861401079685
136,0.4,0.3,-0.7667592171605729
137,0.5,0.3,-0.7583932700174685
138,0.6,0.3,-0.7572577357170992
139,0.7,0.3,-0.7651611604939615
140,0.8,0.3,-0.7710798339741091
141,0.9,0.3,-0.774818573843023
142,1,0.3,-0.8042516658742701
143,0,0.325,-0.9999999993451963
144,0.1,0.325,-0.9540574546788764
145,0.2,0.325,-0.9454476872775011
146,0.3,0.325,-0.9493955643111696
147,0.4,0.325,-0.9469777553730563
148,0.5,0.325,-0.9380542527554736
149,0.6,0.325,-0.9394307935911187
150,0.7,0.325,-0.9479974317123024
151,0.8,0.325,-0.9518706838391732
152,0.9,0.325,-0.9566911419394164
153,1,0.325,-0.9961346135357867
154,0,0.35,-0.9866003513468097
155,0.1,0.35,-0.9414762428625492
156,0.2,0.35,-0.9328992006694002
157,0.3,0.35,-0.9367882391061608
158,0.4,0.35,-0.9327601187206741
159,0.5,0.35,-0.923824020675623
160,0.6,0.35,-0.9277226545175701
161,0.7,0.35,-0.9361059605766117
162,0.8,0.35,-0.9366196900237796
163,0.9,0.35,-0.9410745637017576
164,1,0.35,-0.981926453986852
165,0,0.375,-0.7704834170122794
166,0.1,0.375,-0.7335150833840478
167,0.2,0.375,-0.726763855130222
168,0.3,0.375,-0.7313835604640723
169,0.4,0.375,-0.7263037144394792
170,0.5,0.375,-0.7177936072983537
171,0.6,0.375,-0.7241289003198988
172,0.7,0.375,-0.7315753161916554
173,0.8,0.375,-0.7276057791954782
174,0.9,0.375,-0.7304834465502081
175,1,0.375,-0.7661184373129162
176,0,0.4,-0.3964577162599984
177,0.1,0.4,-0.3742416157467254
178,0.2,0.4,-0.3707794339696772
179,0.3,0.4,-0.3768982743200163
180,0.4,0.4,-0.371269761622892
181,0.5,0.4,-0.3634500696284689
182,0.6,0.4,-0.3720761986708825
183,0.7,0.4,-0.3780698237124042
184,0.8,0.4,-0.3688923650068752
185,0.9,0.4,-0.3696940880718882
186,1,0.4,-0.3953807380910719
187,0,0.425,0.05821585722738892
188,0.1,0.425,0.06353668065498254
189,0.2,0.425,0.06271320796639945
190,0.3,0.425,0.05447645121405667
191,0.4,0.425,0.06030061928095509
192,0.5,0.425,0.06738093624350366
193,0.6,0.425,0.05664599313618597
194,0.7,0.425,0.05228534086328863
195,0.8,0.425,0.06685860853657083
196,0.9,0.425,0.06824425399314876
197,1,0.425,0.05432330198376026
198,0,0.45,0.4934239619934801
199,0.1,0.45,0.4863260642879032
200,0.2,0.45,0.4812484139325187
201,0.3,0.45,0.4706385636093685
202,0.4,0.45,0.4765093172609461
203,0.5,0.45,0.4830266941790203
204,0.6,0.45,0.4704179216295264
205,0.7,0.45,0.4674918594416655
206,0.8,0.45,0.4869887794716836
207,0.9,0.45,0.4908138380462166
208,1,0.45,0.4870456075454992
209,0,0.475,0.7913062733330464
210,0.1,0.475,0.7874254659107317
211,0.2,0.475,0.7800759629862234
212,0.3,0.475,0.767437899410908
213,0.4,0.475,0.7734106054148872
214,0.5,0.475,0.7797307476891672
215,0.6,0.475,0.7656202367684648
216,0.7,0.475,0.7635657367484842
217,0.8,0.475,0.7867276212812364
218,0.9,0.475,0.7932091070433084
219,1,0.475,0.7977653095419266
220,0,0.5,0.8786980188083043
221,0.1,0.5,0.8833406506816035
222,0.2,0.5,0.8771755879907461
223,0.3,0.5,0.8633386902203813
224,0.4,0.5,0.8696431417556557
225,0.5,0.5,0.8763454218687701
226,0.6,0.5,0.8611539392791593
227,0.7,0.5,0.8590400016295756
228,0.8,0.5,0.8841705664789118
229,0.9,0.5,0.8924714554727058
230,1,0.5,0.8982758213555639
