candidate_rank,eig_index,k0,k0l,ez_ratio,passes_physical_filter
1,534,8.809671876282776,8.809671876282776,0.0003082953334281798,1
2,535,9.010875596395636,9.010875596395636,2.033776201870667e-09,1
3,538,9.391441217078606,9.391441217078606,0.0006648094999374385,1
4,546,9.875862907977849,9.875862907977849,0.000198145956088587,1
5,550,10.28125686000542,10.28125686000542,0.0007647326024146503,1
6,551,10.45269151184696,10.45269151184696,0.002696235223681065,1
7,567,10.87412991658889,10.87412991658889,1.466373461330207e-09,1
8,568,11.11261588251989,11.11261588251989,0.00128242294996646,1
9,569,11.26127081635138,11.26127081635138,0.0008779931952607955,1
10,571,11.38243247043311,11.38243247043311,0.0007351243056122753,1
11,570,11.42243870045197,11.42243870045197,0.0001226609926297738,1
12,574,12.02543816647929,12.02543816647929,0.006174227831089899,1
13,575,12.25473199206006,12.25473199206006,0.0001220709407447365,1
14,576,12.29290046299681,12.29290046299681,7.731079894800358e-08,1
15,577,12.34940736043814,12.34940736043814,0.004131707981135527,1
16,578,12.64301236194107,12.64301236194107,0.0002857043078311959,1
17,579,12.84329059312811,12.84329059312811,0.004932210350999269,1
18,580,12.91007034750134,12.91007034750134,0.0006032660374687506,1
19,589,13.26795306082056,13.26795306082056,4.478665454456797e-05,1
20,591,13.65138363595549,13.65138363595549,0.0007219666077316319,1
21,592,13.82350454400117,13.82350454400117,0.005778926146058584,1
22,593,13.89778983126229,13.89778983126229,0.005091031842924983,1
23,594,13.97905216490394,13.97905216490394,0.004138038781182097,1
24,595,14.05334681975548,14.05334681975548,0.00254315475843274,1
25,597,14.52409084208241,14.52409084208241,1.528802719036798e-07,1
26,598,14.68862944856843,14.68862944856843,0.0004223191932666473,1
27,599,14.79813303858459,14.79813303858459,9.497615109620497e-05,1
28,603,14.98768005015864,14.98768005015864,0.0113730373220446,1
29,604,15.17929224327962,15.17929224327962,0.0002815647289053669,1
30,605,15.29408062630767,15.29408062630767,2.045588720341248e-05,1
31,606,15.3746585912423,15.3746585912423,0.01116269008848535,1
32,607,15.60550036812915,15.60550036812915,7.072643116588964e-05,1
33,612,15.83935409739969,15.83935409739969,0.009689351298413669,1
34,613,15.91796253048066,15.91796253048066,0.01359720101535534,1
35,615,16.16653753377089,16.16653753377089,0.003548376171311258,1
36,616,16.21828999802121,16.21828999802121,0.003654793182657491,1
37,619,16.59401558635296,16.59401558635296,2.563085682246562e-06,1
38,618,16.63402697367464,16.63402697367464,0.0004152062404252115,1
39,620,16.86051582778242,16.86051582778242,1.711813688189625e-05,1
40,621,16.86838163162716,16.86838163162716,3.602762934967219e-05,1
41,622,17.01910306823996,17.01910306823996,0.0002323268862661646,1
42,623,17.27828404453815,17.27828404453815,0.01897889011093069,1
43,624,17.34595076349885,17.34595076349885,0.01728242349866665,1
44,625,17.4242061248453,17.4242061248453,1.028323313806467e-05,1
45,626,17.51544693264079,17.51544693264079,0.01625154786800929,1
46,627,17.63540918437239,17.63540918437239,3.992720521288394e-05,1
47,636,18.0078561961647,18.0078561961647,0.01412243648051024,1
48,637,18.18708778273971,18.18708778273971,0.01945545420655384,1
49,639,18.49131725631014,18.49131725631014,0.0007180904351556284,1
50,640,18.5447036058029,18.5447036058029,7.06911462451783e-05,1
51,641,18.57684973439343,18.57684973439343,0.006356594562823493,1
52,642,18.7446205158358,18.7446205158358,0.003499544252273162,1
53,643,18.85177564118018,18.85177564118018,5.795224903291252e-05,1
54,644,19.04941592111516,19.04941592111516,0.001259403807938027,1
55,645,19.07082672945842,19.07082672945842,0.0005482778621000077,1
56,646,19.11722833932614,19.11722833932614,0.009625357564391453,1
57,647,19.29023145546931,19.29023145546931,3.155136095162946e-06,1
58,650,19.56632502598152,19.56632502598152,0.02392573379644979,1
59,649,19.60908201672959,19.60908201672959,7.085229830778422e-06,1
60,656,19.92531050981616,19.92531050981616,0.02237445235276023,1
61,655,19.95249975838669,19.95249975838669,3.647240927477129e-05,1
62,657,20.10451502455431,20.10451502455431,0.0291023786279196,1
63,660,20.32123642710684,20.32123642710684,0.001147175940939204,1
64,661,20.38254608641483,20.38254608641483,0.005091777819855456,1
65,662,20.56268353461689,20.56268353461689,0.0006142701249852923,1
66,663,20.68713607459236,20.68713607459236,0.001368415490243133,1
67,664,20.84861562429145,20.84861562429145,0.0007848718266321631,1
68,665,20.89307096290712,20.89307096290712,0.03024388251676699,1
69,666,21.01366730013623,21.01366730013623,1.693237927904872e-05,1
70,667,21.04609366922914,21.04609366922914,0.03137792913720354,1
71,668,21.28254411365052,21.28254411365052,0.03251974204479992,1
72,669,21.40054138024966,21.40054138024966,2.079503900896774e-07,1
73,670,21.43748206724617,21.43748206724617,0.0001155678699949002,1
74,671,21.56522532513948,21.56522532513948,0.0264313933389624,1
75,672,21.6128232416608,21.6128232416608,1.59210152687186e-05,1
76,673,21.81662798010913,21.81662798010913,4.653816173038442e-06,1
77,679,22.11299728168476,22.11299728168476,0.0003249371090254342,1
78,680,22.18156015423268,22.18156015423268,0.03064660531052239,1
79,681,22.25033652516257,22.25033652516257,1.179065961706143e-05,1
80,682,22.44225212272728,22.44225212272728,0.0009406661392826115,1
81,683,22.45610657631547,22.45610657631547,0.005841319013886574,1
82,686,22.68041974554883,22.68041974554883,0.003552682250943687,1
83,687,22.79513631661654,22.79513631661654,0.0002796323584282168,1
84,688,22.89849931295245,22.89849931295245,0.03889022172575307,1
85,689,23.00746004481321,23.00746004481321,0.00174750066116739,1
86,690,23.07773660719538,23.07773660719538,0.03047734161434893,1
87,691,23.20276812901281,23.20276812901281,0.02115871537195933,1
88,692,23.26579172293364,23.26579172293364,7.216822462311268e-05,1
89,694,23.6616314200241,23.6616314200241,0.04239286796611814,1
90,695,23.76025088548852,23.76025088548852,0.03204127274002776,1
91,696,23.85622860142582,23.85622860142582,1.359501963676972e-05,1
92,697,23.90755077985239,23.90755077985239,0.0004154382467747663,1
93,700,24.02096238226243,24.02096238226243,0.0001209743280974525,1
94,701,24.02172237605782,24.02172237605782,0.0004193344816990079,1
95,703,24.0462742466597,24.0462742466597,0.002157770186537262,1
96,702,24.05085530465502,24.05085530465502,0.01032886783594427,1
97,699,24.19573681895168,24.19573681895168,0.01221644026090613,1
98,698,24.285463882547,24.285463882547,0.002592501103345573,1
99,704,24.61057697593871,24.61057697593871,0.0001264529319896666,1
100,705,24.62142972787905,24.62142972787905,2.308060231772354e-05,1
101,706,24.68725165972135,24.68725165972135,0.0004282611802040729,1
102,708,24.93262396789091,24.93262396789091,0.04421400884645207,1
103,709,25.00555455017522,25.00555455017522,0.002144072983353021,1
104,710,25.14495907518311,25.14495907518311,0.0149465437860542,1
105,711,25.24179759290932,25.24179759290932,0.0003496911887712892,1
106,722,25.34112333380128,25.34112333380128,0.04179257480615389,1
107,727,25.54780409853676,25.54780409853676,6.31518555311277e-06,1
108,740,25.76167331535294,25.76167331535294,8.102844445111867e-05,1
109,750,25.99636285884722,25.99636285884722,0.03430522381490599,1
110,751,26.05289241290013,26.05289241290013,0.04346695487811058,1
111,752,26.08234820885591,26.08234820885591,0.04835455225233747,1
112,754,26.18438455855721,26.18438455855721,0.0008355130247820863,1
113,753,26.20598388612102,26.20598388612102,1.816098312412884e-05,1
114,755,26.29433440805412,26.29433440805412,3.60406388714981e-06,1
115,756,26.39773880080926,26.39773880080926,0.0002016269212373999,1
116,757,26.46602793759062,26.46602793759062,1.118314048932813e-05,1
117,758,26.57685428093171,26.57685428093171,0.01114732370434481,1
118,759,26.61340566803798,26.61340566803798,0.003203176633215649,1
119,760,26.7742366336,26.7742366336,0.05202054256636634,1
120,761,26.8253814811396,26.8253814811396,0.0006301146359512231,1
121,762,26.83349916692431,26.83349916692431,7.644242272682122e-05,1
122,763,26.93746054448154,26.93746054448154,0.0368131890020479,1
123,764,27.02634912597431,27.02634912597431,0.0001564161328771204,1
124,765,27.11373547344338,27.11373547344338,0.03737808777830001,1
125,766,27.24532296419462,27.24532296419462,0.0006480387179226917,1
126,767,27.43387004229129,27.43387004229129,0.02470802215210856,1
127,768,27.49089658849426,27.49089658849426,0.0009415036855899813,1
128,769,27.63439394166756,27.63439394166756,0.0006889528627090886,1
129,771,27.86409372032802,27.86409372032802,0.04928285363599529,1
130,772,27.90014435935935,27.90014435935935,0.0008315634962827239,1
131,773,28.02800266187992,28.02800266187992,0.03677307582226706,1
132,774,28.07817140282998,28.07817140282998,7.385454124260531e-05,1
133,795,28.348717260672,28.348717260672,1.307822326429689e-05,1
134,796,28.3625493117799,28.3625493117799,3.014089175022376e-05,1
135,797,28.43832815352813,28.43832815352813,0.0659957779973073,1
136,801,28.62296320713314,28.62296320713314,0.0001253047356896747,1
137,802,28.64847500652371,28.64847500652371,1.586392446403501e-06,1
138,804,28.79220237852405,28.79220237852405,0.0001995575859608702,1
139,805,28.80196397018373,28.80196397018373,6.317628928711598e-05,1
140,809,28.95067233842484,28.95067233842484,0.05368288208042191,1
141,810,29.13809147032535,29.13809147032535,0.0001867992823035749,1
142,811,29.22845914517778,29.22845914517778,0.01107878762134696,1
143,812,29.24379660237923,29.24379660237923,0.005960279087232089,1
144,813,29.27478135593677,29.27478135593677,0.04778535850983934,1
145,814,29.32656912698678,29.32656912698678,9.746960162420293e-05,1
146,815,29.42710059317407,29.42710059317407,0.0003852276487727474,1
147,816,29.48862741239913,29.48862741239913,4.797811458089313e-05,1
148,817,29.57514993035824,29.57514993035824,0.04469247670801678,1
149,818,29.68453983881986,29.68453983881986,0.04705240642215049,1
150,819,29.73626733986501,29.73626733986501,0.001007673199651079,1
151,824,29.97240675669045,29.97240675669045,0.06607681134405932,1
152,823,29.99121064520785,29.99121064520785,0.0002704831917706289,1
153,825,30.0548877656601,30.0548877656601,0.07733824104849295,1
154,826,30.18986524370151,30.18986524370151,2.378402057318539e-05,1
155,827,30.31474372216819,30.31474372216819,0.004390507995067167,1
156,828,30.35802866822124,30.35802866822124,0.01007659894966105,1
157,829,30.44220148643335,30.44220148643335,5.071383209887898e-05,1
158,831,30.61749218260064,30.61749218260064,0.006516610264898584,1
159,830,30.63415545974133,30.63415545974133,0.004922867324930694,1
160,832,30.74234597351225,30.74234597351225,0.001330904846584741,1
161,844,30.8719197265508,30.8719197265508,0.07835530792622425,1
162,848,31.03051328035485,31.03051328035485,8.03227692574917e-06,1
163,847,31.03214047466624,31.03214047466624,7.695447167185364e-05,1
164,849,31.1503914909412,31.1503914909412,4.106582557494594e-05,1
165,850,31.20749732326879,31.20749732326879,0.05683970733843303,1
166,851,31.24282594504276,31.24282594504276,0.0003611213343995158,1
167,852,31.39662896684987,31.39662896684987,0.0002290328262538477,1
168,853,31.42549378988517,31.42549378988517,0.0001136886811519205,1
169,854,31.55533877713097,31.55533877713097,0.06306382415081788,1
170,855,31.68182365149156,31.68182365149156,3.535373709810615e-05,1
171,856,31.77139112604062,31.77139112604062,0.0001728704352430358,1
172,857,31.87496809876492,31.87496809876492,0.0002955990706600251,1
173,859,31.95008247439921,31.95008247439921,0.08279598774695607,1
174,860,32.08194681922643,32.08194681922643,0.04862263786332755,1
175,861,32.14160244209519,32.14160244209519,0.0001149225793742662,1
176,862,32.26572372992399,32.26572372992399,0.0003538777348111267,1
177,871,32.45612912281089,32.45612912281089,1.137389801533095e-05,1
178,872,32.50162452110943,32.50162452110943,2.538769062745545e-05,1
179,873,32.58731777256833,32.58731777256833,0.006225754663103153,1
180,874,32.64944496177367,32.64944496177367,0.009441061492250545,1
181,875,32.69625804322147,32.69625804322147,0.002577680628004547,1
182,876,32.72152820162403,32.72152820162403,0.02972231045166485,1
183,887,32.89376131818906,32.89376131818906,0.01416172753891655,1
184,888,32.91274474840574,32.91274474840574,0.004248644491282475,1
185,889,33.0774809434965,33.0774809434965,0.002351449525675128,1
186,890,33.10376618578044,33.10376618578044,0.01814286321869229,1
187,891,33.20551583721356,33.20551583721356,0.008736757390888777,1
188,893,33.26889575354902,33.26889575354902,0.007720960543509509,1
189,892,33.2815428689112,33.2815428689112,0.0002907457285896896,1
190,894,33.38477039475425,33.38477039475425,5.63541761758492e-06,1
191,895,33.44075861034854,33.44075861034854,0.1066266298392312,1
192,896,33.5371793901246,33.5371793901246,0.0005021156849774406,1
193,897,33.60208697447225,33.60208697447225,0.05765088604322918,1
194,898,33.67216859132158,33.67216859132158,0.0001453665306700876,1
195,899,33.69905664861581,33.69905664861581,5.124072529130295e-05,1
196,900,33.88215442253593,33.88215442253593,0.09465819629876958,1
197,901,33.90778784583387,33.90778784583387,2.197372191313644e-05,1
198,902,33.98160360716916,33.98160360716916,0.0001691202126347339,1
199,904,34.15713210661615,34.15713210661615,0.0008518824290603546,1
200,905,34.1700399762338,34.1700399762338,0.05044456067028188,1
201,915,34.37048250662647,34.37048250662647,6.74530537083181e-05,1
202,916,34.42096082350155,34.42096082350155,0.1125343991891013,1
203,917,34.48678872558019,34.48678872558019,5.943807435725881e-05,1
204,918,34.54882392275334,34.54882392275334,2.813258222324415e-05,1
205,919,34.66619329803463,34.66619329803463,0.05809941415351382,1
206,920,34.72302761225012,34.72302761225012,0.0008191359417058104,1
207,921,34.76031737118399,34.76031737118399,6.225011427203069e-06,1
208,922,34.84610481693483,34.84610481693483,0.001558021422842138,1
209,923,34.90687264160083,34.90687264160083,0.02993514804543942,1
210,924,34.97418231522441,34.97418231522441,7.35833866611472e-05,1
211,933,35.15350739035538,35.15350739035538,0.0001496797961232474,1
212,934,35.25236632216154,35.25236632216154,0.0005937928120164647,1
213,935,35.33080296896789,35.33080296896789,0.06138840029307784,1
214,936,35.39856277108111,35.39856277108111,2.585798723974158e-06,1
215,942,35.50617979738909,35.50617979738909,9.209880469108896e-06,1
216,943,35.55135943574926,35.55135943574926,0.000331744463525573,1
217,944,35.63313970014506,35.63313970014506,0.0001956962910349379,1
218,945,35.69247472276503,35.69247472276503,0.08627269677655411,1
219,952,35.89306086498879,35.89306086498879,3.614219427682003e-05,1
220,953,35.96500052726754,35.96500052726754,0.0002216546394576064,1
221,954,36.00122114343331,36.00122114343331,0.0577525870785074,1
222,955,36.0401567179313,36.0401567179313,0.0001578543709828025,1
223,956,36.10485199459863,36.10485199459863,0.0003363829858636256,1
224,957,36.13480898728677,36.13480898728677,0.0965901112509391,1
225,958,36.28950788746653,36.28950788746653,0.005864101686423365,1
226,959,36.30391885705694,36.30391885705694,0.01556058651709857,1
227,960,36.37487549657099,36.37487549657099,0.0001389395569183342,1
228,961,36.41378340116979,36.41378340116979,0.0001167164162449497,1
229,981,36.59450622056565,36.59450622056565,0.09547477344371363,1
230,982,36.6309706167693,36.6309706167693,0.002047480625787352,1
231,983,36.67836933957432,36.67836933957432,0.02863751341327533,1
232,984,36.77498217092281,36.77498217092281,0.0005974509052888023,1
233,985,36.82092761685536,36.82092761685536,2.513570830170763e-05,1
234,986,36.86622513508728,36.86622513508728,0.06989501450374212,1
235,987,36.9725218959419,36.9725218959419,0.0005286574831460894,1
236,988,37.02060899165975,37.02060899165975,0.08674115360569862,1
237,989,37.14099074708059,37.14099074708059,0.05840728884381025,1
238,990,37.1803951601885,37.1803951601885,0.0009571226184726931,1
239,991,37.28651253785627,37.28651253785627,1.277633194907998e-05,1
240,992,37.37391347400069,37.37391347400069,8.091516805301056e-05,1
241,993,37.43463579808422,37.43463579808422,5.619834735454504e-05,1
242,994,37.46645410227905,37.46645410227905,0.0004768582197295864,1
243,995,37.50457115811437,37.50457115811437,0.08525953682701423,1
244,996,37.54484773440589,37.54484773440589,9.15407579845438e-06,1
245,997,37.59591913390444,37.59591913390444,0.0001892461230790278,1
246,998,37.70835437342601,37.70835437342601,0.07560019395030912,1
247,999,37.76130197178622,37.76130197178622,0.0004633539167389357,1
248,1001,37.86625045215803,37.86625045215803,6.941681008759875e-05,1
249,1041,38.00033936485905,38.00033936485905,7.360448431835814e-06,1
250,1042,38.03961030966545,38.03961030966545,2.523102819564362e-05,1
251,1043,38.09512404872141,38.09512404872141,4.891186346658328e-05,1
252,1044,38.11715894864594,38.11715894864594,0.116003369766917,1
253,1050,38.28074495116671,38.28074495116671,0.006479916643319408,1
254,1051,38.28862019985223,38.28862019985223,0.0128952232875651,1
255,1052,38.40565645501152,38.40565645501152,0.0002089999384957516,1
256,1053,38.46730938575929,38.46730938575929,0.08643069108060863,1
257,1054,38.53410940850792,38.53410940850792,0.0004761121400612459,1
258,1061,38.60709413727776,38.60709413727776,6.879318349549488e-05,1
259,1062,38.69640088224841,38.69640088224841,1.912594429228223e-05,1
260,1094,38.81581988514199,38.81581988514199,0.0002212672288916128,1
261,1095,38.85009084454978,38.85009084454978,0.09446876982405505,1
262,1096,38.94489345994025,38.94489345994025,0.0001583453209699906,1
263,1098,39.02342963807588,39.02342963807588,0.09885226340431817,1
264,1097,39.05245673659402,39.05245673659402,5.363499697811953e-05,1
265,1100,39.16585645414472,39.16585645414472,0.0002702601584403221,1
266,1101,39.22422752481705,39.22422752481705,2.829304680700086e-06,1
267,1106,39.29909467170474,39.29909467170474,0.0001586859454842678,1
268,1107,39.34957003141468,39.34957003141468,0.0002034918460623113,1
269,1108,39.40667110002016,39.40667110002016,0.04902394516105495,1
270,1109,39.44790894283048,39.44790894283048,0.003429534374161112,1
271,1110,39.47059053356676,39.47059053356676,0.03501437993966509,1
272,1116,39.60416539748848,39.60416539748848,3.734787141161795e-05,1
273,1117,39.66866298142802,39.66866298142802,5.081944185549061e-05,1
274,1118,39.73059295183511,39.73059295183511,0.0001532045896034496,1
275,1119,39.77595720416988,39.77595720416988,0.1286240017007756,1
276,1120,39.80843464661847,39.80843464661847,6.263086145019338e-05,1
277,1121,39.84586380974323,39.84586380974323,2.698130406360067e-06,1
278,1137,40.02736675954661,40.02736675954661,0.02072877054095431,1
279,1139,40.03510561681852,40.03510561681852,0.004674144875347805,1
280,1138,40.03935592221013,40.03935592221013,0.0001861099827188871,1
281,1136,40.09000605063151,40.09000605063151,0.0001505223915000521,1
282,1140,40.17872654126343,40.17872654126343,9.524834878260602e-05,1
283,1141,40.25526098225136,40.25526098225136,2.161780836957766e-05,1
284,1142,40.26755428649226,40.26755428649226,0.0002448203098755553,1
285,1143,40.30610570464052,40.30610570464052,0.122928962190832,1
286,1146,40.38110364997107,40.38110364997107,0.1498983787026947,1
287,1145,40.40658404282731,40.40658404282731,4.370103132058594e-05,1
288,1144,40.43942553124778,40.43942553124778,3.976245382112659e-05,1
289,1150,40.62208023746463,40.62208023746463,1.836493858688313e-05,1
290,1151,40.66929726056301,40.66929726056301,0.0008931780201870951,1
291,1152,40.68359943538454,40.68359943538454,5.702907361864583e-07,1
292,1153,40.71452765545023,40.71452765545023,0.07088529595086965,1
293,1154,40.7780344790929,40.7780344790929,0.0008794770918799236,1
294,1155,40.80492315787154,40.80492315787154,0.0711499607630912,1
295,1157,40.90270728047604,40.90270728047604,0.0001520794853968618,1
296,1156,40.91315994715786,40.91315994715786,0.0005853204705550014,1
297,1159,40.94528022986539,40.94528022986539,0.03420578535972293,1
298,1158,40.95221731380256,40.95221731380256,0.001627764259594032,1
299,1149,41.0113045275744,41.0113045275744,0.0002276655771860486,1
300,1148,41.20557457028488,41.20557457028488,0.1126819436383247,1
301,1147,41.22823404934349,41.22823404934349,0.0002368500549136566,1
302,1135,41.37533330114471,41.37533330114471,0.03577987294701827,1
303,1134,41.40412494517928,41.40412494517928,0.00199862571639593,1
304,1133,41.45408416458062,41.45408416458062,0.0001425652914577384,1
305,1132,41.53740248759622,41.53740248759622,2.881278612971568e-05,1
306,1131,41.60088369534274,41.60088369534274,0.000185021309267908,1
307,1129,41.63713140730744,41.63713140730744,4.031524731486918e-05,1
308,1130,41.65677915886598,41.65677915886598,0.1214737490294635,1
309,1128,41.80389384425731,41.80389384425731,0.0001423755087842681,1
310,1127,41.87586104376778,41.87586104376778,0.006662913897990279,1
311,1126,41.90609367781691,41.90609367781691,0.01041056985278835,1
312,1125,41.95148444300438,41.95148444300438,0.0002023914257217339,1
313,1124,42.04535236848471,42.04535236848471,0.01814855914056945,1
314,1123,42.06755139014772,42.06755139014772,0.004605941067088915,1
315,1122,42.13431227934565,42.13431227934565,0.0001118643994181468,1
316,1115,42.24263094956105,42.24263094956105,0.0002472650136523931,1
317,1114,42.29855598318866,42.29855598318866,0.1338085630668696,1
318,1113,42.38601415988594,42.38601415988594,0.0168740401728261,1
319,1112,42.4046441104008,42.4046441104008,0.005177560993336551,1
320,1111,42.48191075317353,42.48191075317353,8.539397897210216e-05,1
321,1105,42.57434946538556,42.57434946538556,4.486962701839531e-05,1
322,1104,42.63295502884272,42.63295502884272,2.811777103100107e-05,1
323,1103,42.68245479526774,42.68245479526774,0.0004381999779232394,1
324,1102,42.74700852101354,42.74700852101354,0.09681793333152809,1
325,1099,42.85573872600737,42.85573872600737,1.108401734261818e-05,1
326,1093,43.08050155600908,43.08050155600908,7.764135416727137e-06,1
327,1092,43.12389649653073,43.12389649653073,8.418291414339073e-05,1
328,1091,43.16988972274527,43.16988972274527,2.376284302904811e-05,1
329,1090,43.26330496889526,43.26330496889526,0.02977141830226027,1
330,1089,43.28098359175158,43.28098359175158,0.002466257968196795,1
331,1088,43.36263957580543,43.36263957580543,0.0001175818604700515,1
332,1087,43.39210946084862,43.39210946084862,0.0001103906119954668,1
333,1086,43.48768127933834,43.48768127933834,1.260969555679717e-05,1
334,1084,43.56039191720856,43.56039191720856,0.0008327339245299124,1
335,1085,43.57088948105719,43.57088948105719,0.08305284274619178,1
336,1083,43.63068647632802,43.63068647632802,0.0004269764022489141,1
337,1082,43.68611131671567,43.68611131671567,0.1061684370616476,1
338,1081,43.72014378528092,43.72014378528092,4.604348306949462e-05,1
339,1080,43.78629711225818,43.78629711225818,2.632029448164298e-05,1
340,1079,43.8567344417548,43.8567344417548,0.2053617985363451,1
341,1078,43.94430921488418,43.94430921488418,6.115599086014368e-05,1
342,1077,43.99142257089048,43.99142257089048,0.007885672074158419,1
343,1076,44.01666224752215,44.01666224752215,0.01136498674800369,1
344,1075,44.13411056238908,44.13411056238908,0.1949350115576035,1
345,1074,44.2455149275252,44.2455149275252,1.029558929002837e-05,1
346,1073,44.27662857687045,44.27662857687045,0.0001048571627242456,1
347,1072,44.31802599139943,44.31802599139943,0.0002040567712795668,1
348,1071,44.36674073761542,44.36674073761542,0.1497285482512715,1
349,1070,44.5014728954861,44.5014728954861,0.1294059415179865,1
350,1069,44.51520402029103,44.51520402029103,0.0003168941096126958,1
351,1068,44.56966894632164,44.56966894632164,7.151920398429626e-05,1
352,1067,44.66019443851381,44.66019443851381,0.02079300179093655,1
353,1066,44.69677304000704,44.69677304000704,0.005178761090630347,1
354,1065,44.76099397044256,44.76099397044256,0.1971497805547441,1
355,1064,44.85729025171318,44.85729025171318,9.809278613552637e-05,1
356,1063,44.90548191504957,44.90548191504957,3.484744593701866e-05,1
357,1060,45.0067227005517,45.0067227005517,7.208321323661776e-05,1
358,1059,45.07522075542899,45.07522075542899,0.003180929473853926,1
359,1058,45.09093752791863,45.09093752791863,0.02722181468460497,1
360,1056,45.23328008799139,45.23328008799139,9.247695377001781e-05,1
361,1057,45.25749074977384,45.25749074977384,0.00412382819785856,1
362,1055,45.30983331116686,45.30983331116686,0.02198384658222901,1
363,1049,45.47934349120748,45.47934349120748,0.000309741570182028,1
364,1048,45.56624382277651,45.56624382277651,0.1412722324541154,1
365,1047,45.59934732868948,45.59934732868948,1.571140415480297e-05,1
366,1046,45.66415209974435,45.66415209974435,2.955012875643343e-05,1
367,1045,45.68969197493658,45.68969197493658,1.849174945954653e-05,1
368,1040,45.87052722743827,45.87052722743827,0.2348875751204313,1
369,1039,45.89684479342155,45.89684479342155,4.054993895877789e-05,1
370,1038,45.9984195395543,45.9984195395543,0.001884646062872051,1
371,1037,46.03092897510141,46.03092897510141,0.04705991408516445,1
372,1036,46.09408523504857,46.09408523504857,3.5574999183894e-05,1
373,1035,46.18713067735521,46.18713067735521,0.0003507261440893881,1
374,1034,46.23060323740246,46.23060323740246,0.1527010825516498,1
375,1033,46.35495469967999,46.35495469967999,3.917695419928229e-05,1
376,1031,46.45591997996082,46.45591997996082,0.001508670440397376,1
377,1032,46.46853354574416,46.46853354574416,0.05911065765606802,1
378,1030,46.51973180186241,46.51973180186241,9.052847907892635e-06,1
379,1029,46.59038434187342,46.59038434187342,0.001682655590035483,1
380,1028,46.63056314690898,46.63056314690898,0.05499935905021803,1
381,1027,46.719908144157,46.719908144157,7.260995960765871e-05,1
382,1026,46.72783333534108,46.72783333534108,0.0002016397385364032,1
383,1025,46.87362222941634,46.87362222941634,0.09888083083193472,1
384,1024,46.88210311723036,46.88210311723036,0.0001666738360225964,1
385,1023,46.97420080053675,46.97420080053675,1.260633092413383e-05,1
386,1022,46.99455059526154,46.99455059526154,0.0001569353975490425,1
387,1021,47.07260837906549,47.07260837906549,0.000302154369008083,1
388,1020,47.20692836629016,47.20692836629016,0.01593220746918558,1
389,1019,47.21599397101045,47.21599397101045,0.005819072631113593,1
390,1018,47.35517784500659,47.35517784500659,6.52248860348918e-05,1
391,1017,47.39640556762647,47.39640556762647,3.862802852920636e-05,1
392,1016,47.4563658538007,47.4563658538007,0.0008357443091798354,1
393,1015,47.49516647115098,47.49516647115098,0.09605480547225599,1
394,1014,47.64334002979764,47.64334002979764,0.06184902857842744,1
395,1013,47.66243542520716,47.66243542520716,0.001388200325020555,1
396,1012,47.73294723192965,47.73294723192965,0.1828585458135261,1
397,1011,47.79655608926618,47.79655608926618,0.0001692138945955328,1
398,1010,47.85298413958183,47.85298413958183,0.0001185987301122866,1
399,1009,47.97950976614649,47.97950976614649,2.059536705421894e-05,1
400,1008,48.01011104762716,48.01011104762716,0.1245536304112915,1
401,1007,48.0534533244639,48.0534533244639,0.0003187189199155246,1
402,1006,48.0906331199956,48.0906331199956,0.2165838763457451,1
403,1005,48.11724968410378,48.11724968410378,0.0003253262722674554,1
404,1004,48.25972028416731,48.25972028416731,0.01422863421598479,1
405,1003,48.27462249331695,48.27462249331695,0.0009553736660990373,1
406,1002,48.30059752530351,48.30059752530351,0.005759819546028231,1
407,1000,48.39330723168665,48.39330723168665,5.931470416727136e-05,1
408,980,48.47917214019107,48.47917214019107,0.246451499252626,1
409,979,48.62127255403947,48.62127255403947,0.09458994717633173,1
410,978,48.63556697049675,48.63556697049675,0.0008827924211722271,1
411,977,48.75070938888616,48.75070938888616,2.078220358043731e-05,1
412,976,48.78905250330762,48.78905250330762,0.07424439488345722,1
413,975,48.80873648824515,48.80873648824515,0.001105792464401488,1
414,974,48.95573353123426,48.95573353123426,7.522372672969271e-05,1
415,971,49.03365234046422,49.03365234046422,0.0001005400143955076,1
416,972,49.05960151037676,49.05960151037676,1.373634005175238e-05,1
417,973,49.08052913653784,49.08052913653784,2.401678416290001e-05,1
418,970,49.10011850725223,49.10011850725223,0.1309977226183195,1
419,969,49.14081333877029,49.14081333877029,0.0003580091470764451,1
420,968,49.19416647664863,49.19416647664863,1.550579208974201e-05,1
421,967,49.31611030547669,49.31611030547669,9.376397328884224e-06,1
422,966,49.36642569487734,49.36642569487734,0.03361731156351794,1
423,965,49.38163915886598,49.38163915886598,0.00333433034238934,1
424,964,49.43512360992196,49.43512360992196,0.0001285234757154173,1
425,963,49.54078819392286,49.54078819392286,0.1927405146094923,1
426,962,49.59723200150083,49.59723200150083,0.2647587978380563,1
427,951,49.71293119143662,49.71293119143662,1.497817609142364e-05,1
428,950,49.73765550662539,49.73765550662539,5.960528801095554e-06,1
429,949,49.76910754160808,49.76910754160808,6.208026826146107e-05,1
430,948,49.84136776044313,49.84136776044313,0.2725306143632609,1
431,947,49.87758877277756,49.87758877277756,4.122384712670084e-05,1
432,946,49.90362815590245,49.90362815590245,2.218455233708013e-05,1
433,941,50.04885570751695,50.04885570751695,8.805647476862808e-05,1
434,940,50.15073534850662,50.15073534850662,1.996369695181005e-05,1
435,939,50.1603723527138,50.1603723527138,0.2612818193697997,1
436,938,50.25545141200959,50.25545141200959,0.2381323521608313,1
437,937,50.29855593199711,50.29855593199711,0.0001125964634950024,1
438,932,50.46262751324429,50.46262751324429,2.043997482289078e-05,1
439,928,50.54640566858383,50.54640566858383,0.0001012177710065802,1
440,931,50.60213761157729,50.60213761157729,0.0003080996920253575,1
441,930,50.60927052601459,50.60927052601459,4.444977259648868e-05,1
442,929,50.61872372563611,50.61872372563611,0.1304195298191677,1
443,927,50.67366383717459,50.67366383717459,0.1289228052201337,1
444,926,50.70948604564318,50.70948604564318,9.590287192112968e-05,1
445,925,50.73529383371557,50.73529383371557,0.0004823521125975366,1
446,914,50.94993748527181,50.94993748527181,0.2678710271512655,1
447,913,50.96822557169835,50.96822557169835,4.547138804371964e-05,1
448,912,51.08730167375345,51.08730167375345,1.683860678702981e-05,1
449,911,51.12820834753433,51.12820834753433,0.2100820820729454,1
450,910,51.18414088552721,51.18414088552721,0.0001622728599270001,1
451,909,51.29285112903887,51.29285112903887,0.03221590324767749,1
452,908,51.29729664874077,51.29729664874077,0.004229429493576646,1
453,907,51.36906310028421,51.36906310028421,0.2622123892054323,1
454,906,51.40747896860342,51.40747896860342,6.054448512316636e-05,1
455,903,51.48219208834057,51.48219208834057,3.727989785237821e-05,1
456,886,51.68529901125768,51.68529901125768,5.653879042759219e-05,1
457,885,51.78132734888165,51.78132734888165,0.1299831091187628,1
458,884,51.80987217108472,51.80987217108472,3.063899037648824e-05,1
459,883,51.83014269432263,51.83014269432263,0.0007094851172023456,1
460,882,51.94491376844331,51.94491376844331,0.2067772415363822,1
461,881,52.00943505023916,52.00943505023916,0.001085388012500096,1
462,880,52.02961359711406,52.02961359711406,0.102757325003881,1
463,879,52.07969421760217,52.07969421760217,0.3173078222021672,1
464,878,52.15844924159811,52.15844924159811,3.863500570705007e-05,1
465,877,52.22119077405546,52.22119077405546,1.695959213090045e-05,1
466,870,52.33512406380886,52.33512406380886,0.06998896052214307,1
467,869,52.36829190756093,52.36829190756093,0.001325159729654635,1
468,868,52.43906704757956,52.43906704757956,0.2959768425526993,1
469,867,52.45840381556183,52.45840381556183,0.000116408973907252,1
470,866,52.55338562286541,52.55338562286541,5.131436706127828e-05,1
471,865,52.6653055911589,52.6653055911589,2.895576342994647e-05,1
472,864,52.69722539532717,52.69722539532717,0.2979535613955024,1
473,863,52.74171386002494,52.74171386002494,0.2818686566949127,1
474,858,52.89771638967614,52.89771638967614,0.0001304580084261187,1
475,846,53.00069453978125,53.00069453978125,2.115953673231499e-05,1
476,845,53.07014970026927,53.07014970026927,2.361250233411117e-05,1
477,843,53.17813794408038,53.17813794408038,0.243258311577486,1
478,842,53.3000073347727,53.3000073347727,0.0001117474342970579,1
479,841,53.34719835221154,53.34719835221154,2.268707318687229e-05,1
480,840,53.40247655507489,53.40247655507489,9.112017524108786e-05,1
481,839,53.47744665920224,53.47744665920224,0.3224148238956651,1
482,838,53.59492590224736,53.59492590224736,0.05273623118965498,1
483,837,53.6270201720159,53.6270201720159,0.001808793695928104,1
484,836,53.65466685476331,53.65466685476331,0.003720411139891196,1
485,835,53.67800055682195,53.67800055682195,0.04560780160478492,1
486,834,53.76215854038478,53.76215854038478,0.2298179575448795,1
487,833,53.77538469422232,53.77538469422232,0.0001827393720261846,1
488,821,54.00967578654981,54.00967578654981,2.537586854120069e-05,1
489,822,54.02231825134756,54.02231825134756,0.0881686746689662,1
490,820,54.06463134263488,54.06463134263488,0.001282820779912621,1
491,808,54.20803460716432,54.20803460716432,8.90030203747318e-05,1
492,807,54.24010302894528,54.24010302894528,0.1900699409571238,1
493,806,54.26945895876141,54.26945895876141,0.0004178113907131259,1
494,803,54.38758479812024,54.38758479812024,0.2337387518601569,1
495,800,54.49212673883028,54.49212673883028,5.589937240829134e-05,1
496,799,54.64701227655056,54.64701227655056,0.2814522695813355,1
497,798,54.68112824239697,54.68112824239697,0.0001667584378198458,1
498,794,54.80213285115631,54.80213285115631,2.553087077548324e-05,1
499,793,54.91064026318347,54.91064026318347,0.2990104565136629,1
500,792,54.92343126977376,54.92343126977376,0.0005105034800796464,1
501,791,54.97150441123415,54.97150441123415,0.1974828884417817,1
502,789,55.05398200172871,55.05398200172871,0.001161562263942303,1
503,790,55.05954126685881,55.05954126685881,0.07869546682176275,1
504,788,55.16388224693272,55.16388224693272,0.0001643593360178109,1
505,787,55.19854276139284,55.19854276139284,0.0001251633445820589,1
506,786,55.27914281627884,55.27914281627884,0.01185805321846816,1
507,785,55.30212071890342,55.30212071890342,0.0127741886241624,1
508,784,55.3926016457886,55.3926016457886,0.287796069989711,1
509,783,55.44370573381853,55.44370573381853,0.0002640301941993193,1
510,782,55.58260106520313,55.58260106520313,0.2751153485681712,1
511,781,55.67081185186575,55.67081185186575,0.03384814026004722,1
512,780,55.68179136012644,55.68179136012644,0.004800068336974829,1
513,779,55.78316693114394,55.78316693114394,0.0001374367786966698,1
514,778,55.83767935854701,55.83767935854701,0.2763609967795708,1
515,777,55.89402069678088,55.89402069678088,0.0001277158059165191,1
516,775,55.98548881704642,55.98548881704642,0.0004236308544440762,1
517,776,56.00523699376266,56.00523699376266,0.1744387161396315,1
518,770,56.11443604276036,56.11443604276036,0.0001446671200425186,1
519,749,56.24559963729684,56.24559963729684,3.461585391671532e-05,1
520,748,56.29096328918117,56.29096328918117,0.2569082399205495,1
521,747,56.38150498389906,56.38150498389906,0.0002761755627432121,1
522,746,56.4662159013025,56.4662159013025,0.3150357545570119,1
523,745,56.61415391269578,56.61415391269578,0.0002218634752935057,1
524,744,56.64668603606874,56.64668603606874,0.2500798823643206,1
525,743,56.71468652706062,56.71468652706062,0.003702943209660051,1
526,742,56.72947684545169,56.72947684545169,0.04883788204993206,1
527,741,56.74894022740578,56.74894022740578,6.291109216607177e-05,1
528,739,56.94002474842529,56.94002474842529,0.03867139499536173,1
529,738,56.95728590076772,56.95728590076772,0.004630046110640242,1
530,735,57.05171630271848,57.05171630271848,0.0007791992307487638,1
531,736,57.06357416873385,57.06357416873385,0.05801891599103078,1
532,737,57.06942260706568,57.06942260706568,0.003353330101878385,1
533,734,57.15639305234553,57.15639305234553,0.2578255151985446,1
534,733,57.17857634622542,57.17857634622542,0.0004354954335379452,1
535,732,57.23476873568984,57.23476873568984,0.08673866673657613,1
536,731,57.25994438798104,57.25994438798104,0.0018675487810854,1
537,730,57.33007813960107,57.33007813960107,0.0001831438754903328,1
538,729,57.36763770237942,57.36763770237942,0.1994168802435732,1
539,728,57.39632195872772,57.39632195872772,0.0002746934513088586,1
540,726,57.58513045623975,57.58513045623975,0.0127948914134229,1
541,725,57.61531938757249,57.61531938757249,0.01367937639237676,1
542,724,57.64633678165229,57.64633678165229,0.000324211080471936,1
543,723,57.69855961520732,57.69855961520732,0.1302724049917817,1
544,721,57.79902452381663,57.79902452381663,0.0006285931685561596,1
545,720,57.90271725894691,57.90271725894691,0.0004061437683961607,1
546,719,57.93827459901357,57.93827459901357,7.859994833165937e-05,1
547,718,58.01404032191924,58.01404032191924,0.1950927695046298,1
548,717,58.03713542839213,58.03713542839213,0.01935913474226584,1
549,716,58.05038215781996,58.05038215781996,0.008832643911119799,1
550,715,58.16035058952458,58.16035058952458,0.02314107786485212,1
551,714,58.18463925078773,58.18463925078773,0.006700753545777619,1
552,713,58.22667732754739,58.22667732754739,0.0588800766331871,1
553,712,58.25125065137595,58.25125065137595,0.003836634949340044,1
554,707,58.34674740327675,58.34674740327675,0.3620975730565377,1
555,693,58.48300710345451,58.48300710345451,0.3889091232638155,1
556,685,58.66160996593933,58.66160996593933,4.109834530903313e-05,1
557,684,58.77414639018419,58.77414639018419,0.3969714091381998,1
558,678,58.87307537479443,58.87307537479443,7.433669988034285e-05,1
559,677,58.96047633453247,58.96047633453247,0.245729078947161,1
560,676,59.02879852411665,59.02879852411665,0.04302994194195556,1
561,675,59.06114789523137,59.06114789523137,0.0005259072347401294,1
562,674,59.10964303980237,59.10964303980237,0.002754532720171634,1
563,659,59.22894524740438,59.22894524740438,9.614337187090828e-05,1
564,658,59.31757131305895,59.31757131305895,0.3843828109228863,1
565,654,59.47699350656975,59.47699350656975,0.0001043316799624971,1
566,653,59.52749083421602,59.52749083421602,0.3281135179836354,1
567,652,59.56912047500587,59.56912047500587,6.177304278905356e-05,1
568,651,59.66066471179597,59.66066471179597,0.3865975768472002,1
569,648,59.78452699227242,59.78452699227242,0.3328941022589075,1
570,638,59.89594010178325,59.89594010178325,8.999334610582194e-05,1
571,633,60.12189476800958,60.12189476800958,0.0001006737548620751,1
572,635,60.15887947741957,60.15887947741957,0.002712722132139684,1
573,634,60.17944338868629,60.17944338868629,0.05426486288504811,1
574,632,60.36064756716555,60.36064756716555,0.2535367527671068,1
575,631,60.45105629626444,60.45105629626444,0.3130737432003932,1
576,630,60.49158504555879,60.49158504555879,0.0001499628703170924,1
577,629,60.6228823914664,60.6228823914664,0.2225265670253539,1
578,628,60.66795783428562,60.66795783428562,0.0005408412424350919,1
579,617,60.78322548184035,60.78322548184035,0.2653585474941267,1
580,614,60.89140208319986,60.89140208319986,0.0002623643433472574,1
581,611,60.97915196796632,60.97915196796632,0.0001105031120023537,1
582,610,61.02376343058582,61.02376343058582,0.3251905103888658,1
583,609,61.14256370449937,61.14256370449937,0.3125181456540803,1
584,608,61.26126925722406,61.26126925722406,0.3087709538509177,1
585,602,61.33300524504578,61.33300524504578,0.0002338302795785792,1
586,601,61.38169227495221,61.38169227495221,0.4162656369987007,1
587,600,61.47965238223971,61.47965238223971,0.4157394456513039,1
588,596,61.64235724539015,61.64235724539015,3.375533250376736e-05,1
589,590,61.86519507630571,61.86519507630571,0.3937223907645524,1
590,588,62.05605981469689,62.05605981469689,7.324350118232984e-05,1
591,587,62.09746425889916,62.09746425889916,0.0001072164592898086,1
592,585,62.20846423740889,62.20846423740889,0.0009153331095962177,1
593,586,62.22342829187391,62.22342829187391,0.140390501555519,1
594,584,62.32607270510579,62.32607270510579,0.3092506889976228,1
595,583,62.4618720044574,62.4618720044574,0.3539862347420686,1
596,582,62.48283068409115,62.48283068409115,0.0001504262323865117,1
597,581,62.5867687156783,62.5867687156783,0.4343741626836314,1
598,573,62.76589865097704,62.76589865097704,0.4121774257049934,1
599,572,62.84188896658294,62.84188896658294,5.141382835215845e-05,1
600,566,63.07572886311635,63.07572886311635,0.3776835278198995,1
601,565,63.12733425639185,63.12733425639185,0.0008902944087405135,1
602,564,63.17945561670514,63.17945561670514,0.1383302946704666,1
603,563,63.28880826493427,63.28880826493427,0.3689410865298886,1
604,562,63.40154227060867,63.40154227060867,7.435786040779841e-05,1
605,561,63.51355792922134,63.51355792922134,4.161406954583921e-05,1
606,559,63.62203791913925,63.62203791913925,0.0001769446056222108,1
607,560,63.65383688027779,63.65383688027779,0.3768327511711915,1
608,558,63.71263111652924,63.71263111652924,0.3710452655321516,1
609,556,63.82608359364396,63.82608359364396,0.0003394907853496178,1
610,557,63.85344354603733,63.85344354603733,0.2784966366847356,1
611,555,63.91115306309394,63.91115306309394,3.453501494958249e-05,1
612,554,64.00134929119764,64.00134929119764,3.975778967495838e-05,1
613,553,64.04381678691134,64.04381678691134,0.4330635078819853,1
614,552,64.08863960822899,64.08863960822899,0.4416095510249256,1
615,549,64.3610341053256,64.3610341053256,0.4512928145344672,1
616,548,64.39477100467538,64.39477100467538,0.07866726414364278,1
617,547,64.40565970623508,64.40565970623508,0.002492478004465978,1
618,545,64.59059790878202,64.59059790878202,2.151991497522367e-05,1
619,544,64.71618222113926,64.71618222113926,0.4523147896666289,1
620,543,64.80826251965537,64.80826251965537,0.4447527919065978,1
621,542,64.87188902293353,64.87188902293353,4.572613044756906e-05,1
622,541,64.94868816471805,64.94868816471805,7.172674607750876e-05,1
623,540,65.10607897729798,65.10607897729798,0.4009587819126916,1
624,539,65.1348832981617,65.1348832981617,4.772427296046784e-05,1
625,537,65.23403771687593,65.23403771687593,0.000189518542727403,1
626,536,65.31452686125979,65.31452686125979,0.3599069995741756,1
627,533,65.49095885733558,65.49095885733558,0.1675001673084506,1
628,532,65.52436318121572,65.52436318121572,0.001072530864466721,1
629,531,65.58662953175627,65.58662953175627,0.007534326644069102,1
630,530,65.59932928554099,65.59932928554099,0.03371116622496034,1
631,528,65.72265477090605,65.72265477090605,0.0001238541390622389,1
632,529,65.77498711371292,65.77498711371292,0.4280697206267898,1
633,527,65.92703214067554,65.92703214067554,0.4698944589864994,1
634,526,66.02848374000844,66.02848374000844,7.006503623994496e-06,1
635,524,66.10791683465841,66.10791683465841,2.813591662178393e-05,1
636,523,66.14645831135167,66.14645831135167,1.719493253388176e-05,1
637,525,66.20312688222155,66.20312688222155,0.4495451304924019,1
638,522,66.26525617588001,66.26525617588001,2.679372506519652e-05,1
639,521,66.37041033521265,66.37041033521265,4.657943685538843e-05,1
640,520,66.43950358904523,66.43950358904523,0.4340608844102197,1
641,519,66.51642627777115,66.51642627777115,4.976221912334747e-05,1
642,516,66.75076692579795,66.75076692579795,0.0002580544036632056,1
643,517,66.77196304330447,66.77196304330447,0.3527586087578485,1
644,518,66.82275774051108,66.82275774051108,0.4682631948844306,1
645,515,66.87408724962282,66.87408724962282,0.4699244113639303,1
646,513,66.95756050026436,66.95756050026436,2.930173836127743e-05,1
647,514,67.00405428412584,67.00405428412584,0.4620161555214967,1
648,512,67.05813530408662,67.05813530408662,7.257870049121809e-05,1
649,511,67.10074741716956,67.10074741716956,1.772679108332484e-05,1
650,510,67.13968973992957,67.13968973992957,2.736141594302549e-05,1
651,509,67.22798828400748,67.22798828400748,1.080985745817356e-05,1
652,508,67.35052216666816,67.35052216666816,0.49998839148019,1
653,507,67.43040639321789,67.43040639321789,0.4879130705111412,1
654,506,67.51311556052907,67.51311556052907,1.885252978845135e-05,1
655,505,67.58527054925707,67.58527054925707,3.197250041740407e-05,1
656,503,67.69440184164948,67.69440184164948,8.691044571891944e-06,1
657,504,67.71302855430461,67.71302855430461,0.4802659223760814,1
658,502,67.84882630101572,67.84882630101572,1.998028097166789e-05,1
659,501,67.93343429494365,67.93343429494365,7.351938355081656e-06,1
660,500,67.95348895622423,67.95348895622423,8.722764639881505e-06,1
661,499,68.0656159441303,68.0656159441303,0.4586913607168853,1
662,498,68.08678732222211,68.08678732222211,5.27918789720657e-05,1
663,497,68.10569857377799,68.10569857377799,1.455113047330226e-05,1
664,495,68.18380202447828,68.18380202447828,0.0003467316396273065,1
665,496,68.19381605625898,68.19381605625898,0.3265973032614658,1
666,494,68.22204532962024,68.22204532962024,7.303195218528468e-05,1
667,493,68.26123487384432,68.26123487384432,0.4717680743948653,1
668,492,68.35359284560172,68.35359284560172,0.4996043144741861,1
669,489,68.47341878126683,68.47341878126683,0.0001071381780150355,1
670,491,68.52335500848271,68.52335500848271,0.01252697727520168,1
671,490,68.52648933154261,68.52648933154261,0.02892834863744003,1
672,488,68.67590686935966,68.67590686935966,6.767577116942415e-06,1
673,486,68.77259471347823,68.77259471347823,7.51641931542911e-06,1
674,487,68.81891363455571,68.81891363455571,0.4942415028887996,1
675,484,68.93895637644466,68.93895637644466,8.115201575407858e-05,1
676,485,68.94957210294048,68.94957210294048,0.4819354902010233,1
677,483,68.99769200196916,68.99769200196916,2.92232448434061e-05,1
678,480,69.05811298723816,69.05811298723816,0.000153734804479142,1
679,481,69.07178687964115,69.07178687964115,1.692790781219971e-05,1
680,482,69.0824319819352,69.0824319819352,0.4330973495453305,1
681,479,69.17408611536193,69.17408611536193,8.549092327101636e-06,1
682,476,69.25684006349493,69.25684006349493,6.525124936107442e-05,1
683,478,69.30797113348154,69.30797113348154,0.4927274353608199,1
684,477,69.31172520840006,69.31172520840006,0.3391915325544446,1
685,475,69.32703106206191,69.32703106206191,0.0003977707701871789,1
686,474,69.35275062675879,69.35275062675879,1.522921200942765e-05,1
687,473,69.42384811949319,69.42384811949319,2.969842125571844e-05,1
688,472,69.49625284642725,69.49625284642725,0.4846611939770559,1
689,471,69.58885455016842,69.58885455016842,0.07086076677254677,1
690,470,69.59693455728228,69.59693455728228,0.002807674530482207,1
691,469,69.59998562755855,69.59998562755855,0.001282370671970883,1
692,468,69.63522909789353,69.63522909789353,0.0001729815401678016,1
693,466,69.68112054962825,69.68112054962825,0.0002708604126369784,1
694,467,69.69820177996716,69.69820177996716,0.3537494887996859,1
695,465,69.73168409173891,69.73168409173891,6.238918251362538e-05,1
696,464,69.77370031329419,69.77370031329419,7.581573317468345e-06,1
697,463,69.81587928025718,69.81587928025718,1.156133909958188e-05,1
698,462,69.90808478918345,69.90808478918345,1.088353800685368e-06,1
699,461,69.96441100172956,69.96441100172956,2.961935636330885e-05,1
700,460,70.0074261135173,70.0074261135173,1.434539705376383e-05,1
701,459,70.02191465828146,70.02191465828146,2.55924672147967e-05,1
702,458,70.05058916624427,70.05058916624427,0.02880412420983204,1
703,457,70.05680120149262,70.05680120149262,0.01186662826497518,1
704,456,70.11575633162364,70.11575633162364,5.288235533982929e-06,1
705,455,70.13491736524303,70.13491736524303,1.479634314922472e-05,1
706,454,70.16685029934889,70.16685029934889,1.275218313108626e-05,1
707,453,70.19208366303468,70.19208366303468,4.925547441417997e-05,1
708,452,70.22507113514567,70.22507113514567,0.4901272800207511,1
709,451,70.26997887353615,70.26997887353615,0.4735010946393509,1
710,450,70.29318170630451,70.29318170630451,4.570353843261159e-05,1
711,449,70.34248513403162,70.34248513403162,1.279971224856521e-05,1
712,448,70.49519765603765,70.49519765603765,0.4832188535109859,1
713,447,70.52352860021755,70.52352860021755,5.871527186044108e-05,1
714,446,70.55291945807738,70.55291945807738,0.0003662648929722789,1
715,445,70.58444278411814,70.58444278411814,0.3338770839636664,1
716,444,70.65877051174408,70.65877051174408,2.178843981120979e-05,1
717,443,70.68246171665636,70.68246171665636,2.308653905517161e-05,1
718,442,70.83191872894916,70.83191872894916,0.5140277317497186,1
719,441,70.89118909182447,70.89118909182447,1.415444797622996e-05,1
720,440,70.89952014500913,70.89952014500913,3.006079789774476e-05,1
721,439,71.01675511512069,71.01675511512069,5.182905330660005e-06,1
722,438,71.07716941162991,71.07716941162991,2.501643982530136e-05,1
723,437,71.12510716092312,71.12510716092312,1.950405258428426e-05,1
724,436,71.14879310085068,71.14879310085068,1.02018100308875e-05,1
725,435,71.25066147992472,71.25066147992472,0.5191078836147112,1
726,433,71.35746905307373,71.35746905307373,0.0001002125989304499,1
727,434,71.38072690565802,71.38072690565802,0.3931944536079239,1
728,432,71.43091555489573,71.43091555489573,0.0001142474315713718,1
729,431,71.46636921745576,71.46636921745576,0.0004754116391788843,1
730,429,71.50976347283604,71.50976347283604,0.0002540079765527011,1
731,430,71.51851469325415,71.51851469325415,0.2478978537925024,1
732,428,71.71698109987533,71.71698109987533,2.017962956490594e-05,1
733,427,71.78062131433012,71.78062131433012,3.181087099536589e-05,1
734,426,71.86116956051487,71.86116956051487,0.5312718915200892,1
735,425,72.00784047649121,72.00784047649121,0.02676067534445324,1
736,424,72.00917562956177,72.00917562956177,0.01328058157755733,1
737,422,72.12454739541572,72.12454739541572,0.001699923729904074,1
738,423,72.13556081776196,72.13556081776196,0.1948673925417854,1
739,421,72.15330645918723,72.15330645918723,2.038221250756715e-05,1
740,420,72.22052021693753,72.22052021693753,0.5289642396006533,1
741,419,72.25155809134856,72.25155809134856,0.3930175604716327,1
742,418,72.28975429581736,72.28975429581736,0.0003192336269896161,1
743,416,72.40048263294915,72.40048263294915,0.0001172299629022265,1
744,417,72.4180601314054,72.4180601314054,1.182411570907653e-11,1
745,415,72.43398993644263,72.43398993644263,0.02668769887188122,1
746,414,72.44001561174338,72.44001561174338,0.009814406294085816,1
747,413,72.4691897172009,72.4691897172009,0.0005626232582872948,1
748,412,72.52505526621448,72.52505526621448,0.0001088709247402354,1
749,411,72.60566586287432,72.60566586287432,0.5112413756640281,1
750,410,72.79244026870835,72.79244026870835,1.846274232676404e-05,1
751,409,72.96574800806201,72.96574800806201,0.5460409766158946,1
752,408,72.97912530240762,72.97912530240762,5.001271747718243e-05,1
753,405,73.11623524981738,73.11623524981738,0.005582147631694339,1
754,407,73.12873787666376,73.12873787666376,0.0621569284021305,1
755,406,73.13718650040174,73.13718650040174,0.0002482056670204408,1
756,404,73.23100857631117,73.23100857631117,4.74331747246551e-05,1
757,403,73.3722894954204,73.3722894954204,0.3904214073351154,1
758,402,73.43341716745003,73.43341716745003,0.0002658497556252301,1
759,401,73.56931071093808,73.56931071093808,0.5626501617446042,1
760,400,73.62583596042724,73.62583596042724,1.460069076749674e-05,1
761,399,73.80658645624226,73.80658645624226,7.090408431936264e-06,1
762,398,73.87097506972108,73.87097506972108,0.0001183954381824158,1
763,397,73.90082378671254,73.90082378671254,0.0006308535714779934,1
764,396,73.94722641887932,73.94722641887932,0.2745798031468695,1
765,394,74.13611321395864,74.13611321395864,0.0002710040955053602,1
766,395,74.15455038641522,74.15455038641522,0.417758046482174,1
767,393,74.24849766906506,74.24849766906506,1.658486002827958e-05,1
768,392,74.26133141044569,74.26133141044569,1.726715745789325e-05,1
769,390,74.41089904950863,74.41089904950863,3.138464920489555e-05,1
770,391,74.43514492008224,74.43514492008224,0.0001176551923284816,1
771,389,74.50319792077542,74.50319792077542,0.3875281542398609,1
772,388,74.50941636793775,74.50941636793775,0.0003515953642764966,1
773,387,74.56080300862715,74.56080300862715,0.0003379895470174413,1
774,386,74.60809932819066,74.60809932819066,0.4025465289330535,1
775,385,74.67523145173824,74.67523145173824,0.4684094435888184,1
776,384,74.76732853205769,74.76732853205769,0.5785175117966065,1
777,383,74.86049846105344,74.86049846105344,7.526029342575682e-07,1
778,382,75.02459167237856,75.02459167237856,0.6018438637887931,1
779,381,75.07028728958724,75.07028728958724,0.5643403229101993,1
780,379,75.16256274906739,75.16256274906739,9.287025465864553e-05,1
781,380,75.2299708775497,75.2299708775497,0.5210995249333824,1
782,378,75.28252739427037,75.28252739427037,2.75630340938942e-05,1
783,377,75.31832368534238,75.31832368534238,4.021412475238921e-05,1
784,376,75.41433756304485,75.41433756304485,1.411554771148522e-05,1
785,375,75.49408028668071,75.49408028668071,0.4554695911976501,1
786,374,75.54650062294131,75.54650062294131,0.0001462661130371316,1
787,373,75.66148553233832,75.66148553233832,1.311202795632459e-05,1
788,372,75.81521965483918,75.81521965483918,7.169882352768752e-06,1
789,371,75.89244788745155,75.89244788745155,0.6151264829689299,1
790,370,76.01706583771823,76.01706583771823,0.0001034566874820418,1
791,369,76.07563684887388,76.07563684887388,0.5021982907693205,1
792,368,76.20960729105002,76.20960729105002,1.342092601469158e-05,1
793,367,76.24388054841282,76.24388054841282,2.604845846470492e-05,1
794,365,76.42927223794675,76.42927223794675,6.261200161163815e-05,1
795,366,76.49899583741855,76.49899583741855,0.5128547392057609,1
796,364,76.55679228453702,76.55679228453702,6.156330953275061e-05,1
797,363,76.63664186210262,76.63664186210262,3.424446030481504e-05,1
798,362,76.74835247470821,76.74835247470821,0.5841936253607461,1
799,361,76.93703352486588,76.93703352486588,0.5285267148639415,1
800,360,77.04828857942672,77.04828857942672,0.4037613171471083,1
801,359,77.08254232564519,77.08254232564519,0.0001916696927936665,1
802,358,77.12356806414665,77.12356806414665,0.0002301016656249088,1
803,357,77.19425309400759,77.19425309400759,0.1435950001215258,1
804,356,77.22114481028176,77.22114481028176,0.001886726427708276,1
805,354,77.28139992495299,77.28139992495299,0.0001412299590364926,1
806,355,77.30757253190158,77.30757253190158,0.4844379661883698,1
807,353,77.4012614597315,77.4012614597315,6.497364183405678e-05,1
808,352,77.47683359609425,77.47683359609425,0.5156273162266161,1
809,351,77.60107750591081,77.60107750591081,0.2213758575327737,1
810,350,77.61496734552925,77.61496734552925,0.0009500446576895963,1
811,349,77.67762436118299,77.67762436118299,4.005872558605805e-06,1
812,348,77.81376510267201,77.81376510267201,3.992219865996013e-06,1
813,347,77.85865144877179,77.85865144877179,2.271380502124807e-05,1
814,346,77.96772872200772,77.96772872200772,1.982461808873704e-05,1
815,345,77.98069582522481,77.98069582522481,4.263493295484142e-05,1
816,344,78.08887285775025,78.08887285775025,0.5308944233143449,1
817,343,78.15157722727645,78.15157722727645,0.008247963239967069,1
818,342,78.16160331120597,78.16160331120597,0.03497044347329234,1
819,340,78.3111696938297,78.3111696938297,0.0001420116353963862,1
820,341,78.32618778484178,78.32618778484178,0.4903281305607189,1
821,339,78.39748415775698,78.39748415775698,7.648110042969374e-06,1
822,338,78.55066024681983,78.55066024681983,2.265450046702847e-05,1
823,337,78.74644022479806,78.74644022479806,0.5830181758511725,1
824,335,78.78415011272176,78.78415011272176,0.0003608508775514862,1
825,336,78.81180195957728,78.81180195957728,0.3753591595681715,1
826,334,78.89015862054799,78.89015862054799,0.6354262793573164,1
827,333,78.91431973596598,78.91431973596598,1.338422869165198e-05,1
828,332,79.0016180602947,79.0016180602947,1.287865660543458e-05,1
829,331,79.03185298553522,79.03185298553522,6.209496151879567e-06,1
830,330,79.09818730480741,79.09818730480741,2.194013788631779e-05,1
831,328,79.19230809208031,79.19230809208031,0.0001965697180030896,1
832,329,79.20332554085135,79.20332554085135,0.4218268615762669,1
833,327,79.25907403540992,79.25907403540992,5.880217231425027e-05,1
834,325,79.37125817763072,79.37125817763072,0.002024193149516684,1
835,326,79.37801393883215,79.37801393883215,0.09764974665534787,1
836,321,79.7108920490155,79.7108920490155,1.275861263700538e-05,1
837,323,79.79126787802727,79.79126787802727,0.001819698068103449,1
838,324,79.81426252176641,79.81426252176641,0.1223568445132852,1
839,322,79.86513610604415,79.86513610604415,0.6370688172813392,1
840,320,79.90281104476067,79.90281104476067,2.946493361682265e-05,1
841,319,79.98634480629718,79.98634480629718,2.859559729655604e-05,1
842,318,80.03458917330462,80.03458917330462,1.152083968305347e-05,1
843,316,80.158263506867,80.158263506867,2.901337794569365e-05,1
844,317,80.19632151917774,80.19632151917774,0.5572444208874948,1
845,315,80.24253271728523,80.24253271728523,0.6169091715516858,1
846,314,80.29613110010956,80.29613110010956,3.059166908127869e-05,1
847,313,80.37380036374169,80.37380036374169,0.2870517506569315,1
848,312,80.39699058905593,80.39699058905593,0.0005138756601931862,1
849,311,80.52084178121696,80.52084178121696,0.5819278406883246,1
850,310,80.59992264210781,80.59992264210781,3.422537579941148e-05,1
851,309,80.63680225797252,80.63680225797252,2.001144373621076e-05,1
852,308,80.7163648334846,80.7163648334846,1.582512716253174e-06,1
853,307,80.77122839944774,80.77122839944774,4.861058745761423e-05,1
854,306,80.82468827431448,80.82468827431448,0.5606111594447963,1
855,303,80.92837816340008,80.92837816340008,1.396757707757237e-05,1
856,304,80.95323904647468,80.95323904647468,0.0002931461471147618,1
857,305,80.99238198226753,80.99238198226753,0.3902659996479369,1
858,301,81.03798504373692,81.03798504373692,2.730702624166692e-05,1
859,302,81.07115360307371,81.07115360307371,1.478699623365571e-05,1
860,300,81.20457987257549,81.20457987257549,0.4685067575066297,1
861,299,81.21388687060559,81.21388687060559,0.0001818955493662257,1
862,295,81.34690590490909,81.34690590490909,1.29503395667761e-05,1
863,296,81.39071194362407,81.39071194362407,0.0001129109155927336,1
864,298,81.44570625174296,81.44570625174296,0.0534809697913315,1
865,297,81.45585755696217,81.45585755696217,0.005267433181900459,1
866,294,81.52699036364403,81.52699036364403,0.478410712294437,1
867,293,81.55712037402273,81.55712037402273,9.240940791737947e-05,1
868,292,81.62872697067475,81.62872697067475,7.991310946492513e-06,1
869,291,81.76816581736807,81.76816581736807,5.433797255660931e-06,1
870,290,81.82647592938228,81.82647592938228,8.391284025534064e-06,1
871,289,81.84823878555852,81.84823878555852,2.861960656650252e-06,1
872,288,81.90352549204097,81.90352549204097,0.69746377069961,1
873,287,81.92661123770917,81.92661123770917,0.7007309539417512,1
874,286,82.04128273149878,82.04128273149878,3.347861588988541e-06,1
875,285,82.19225693553692,82.19225693553692,3.652152921819875e-06,1
876,284,82.33790441382374,82.33790441382374,3.075422183196691e-06,1
877,283,82.43471206356948,82.43471206356948,3.259715347516975e-06,1
878,282,82.47521150626531,82.47521150626531,7.743480234519706e-06,1
879,281,82.48518867055914,82.48518867055914,9.634828069808093e-06,1
880,280,82.58958759149446,82.58958759149446,1.117690042119176e-05,1
881,279,82.6668873834693,82.6668873834693,0.001692052111070304,1
882,278,82.68787155739842,82.68787155739842,0.1518670474809637,1
883,277,82.73357672940622,82.73357672940622,0.3682074584576976,1
884,276,82.76792293332852,82.76792293332852,4.262468502396152e-05,1
885,275,82.96918378004484,82.96918378004484,2.345741685529235e-05,1
886,274,83.06279393882708,83.06279393882708,0.0006636925867839037,1
887,273,83.07780206698128,83.07780206698128,8.9661449935886e-05,1
888,272,83.10527314880794,83.10527314880794,0.203212842209633,1
889,271,83.17605849966417,83.17605849966417,5.413878499032347e-05,1
890,270,83.19320597774966,83.19320597774966,0.0001695323905731473,1
891,269,83.29081139059049,83.29081139059049,4.439877918139354e-06,1
892,268,83.4486426483293,83.4486426483293,0.225118966943722,1
893,267,83.45504890716735,83.45504890716735,0.0008718337427157537,1
894,266,83.50572205437624,83.50572205437624,0.0001724807367483436,1
895,265,83.54608248895902,83.54608248895902,1.740417449546722e-06,1
896,264,83.60795113821307,83.60795113821307,9.697102556148666e-06,1
897,263,83.83122020571415,83.83122020571415,6.408707106146137e-07,1
898,262,83.9021295694977,83.9021295694977,1.542602302313298e-06,1
899,261,83.99735745045994,83.99735745045994,0.4462179327485712,1
900,259,84.02982709516334,84.02982709516334,0.0002239872096370021,1
901,260,84.05768271615752,84.05768271615752,2.398810731421194e-05,1
902,258,84.07778428866433,84.07778428866433,5.882054865541938e-06,1
903,257,84.19043900410777,84.19043900410777,2.453798137420542e-06,1
904,256,84.25343198610385,84.25343198610385,3.559554313852041e-06,1
905,255,84.39501492214676,84.39501492214676,1.051674111557348e-05,1
906,254,84.42985777172088,84.42985777172088,3.21458282107342e-06,1
907,252,84.54117383977463,84.54117383977463,9.705875169780835e-06,1
908,253,84.57571328904527,84.57571328904527,0.4878384467747086,1
909,251,84.59458005045953,84.59458005045953,9.391605388129324e-05,1
910,250,84.63190408959321,84.63190408959321,6.720873432848239e-05,1
911,248,84.68062482057394,84.68062482057394,0.0001325764869236307,1
912,249,84.70566147721588,84.70566147721588,0.301496835556661,1
913,247,84.72784192546733,84.72784192546733,0.0004742385934385812,1
914,246,84.80690330739934,84.80690330739934,3.651996825536767e-06,1
915,245,84.92770415615102,84.92770415615102,4.864618447485921e-07,1
916,244,85.01899488922838,85.01899488922838,1.578687694750928e-06,1
917,243,85.06714085599117,85.06714085599117,2.240299006273971e-06,1
918,242,85.09484498654396,85.09484498654396,1.087886803287003e-06,1
919,239,85.18916609539978,85.18916609539978,0.0002717952857668985,1
920,241,85.21465789447659,85.21465789447659,0.432378480279695,1
921,240,85.21930585982697,85.21930585982697,4.109335771884562e-06,1
922,238,85.35133825128717,85.35133825128717,5.311592272614854e-06,1
923,237,85.40021184790163,85.40021184790163,1.761955484899942e-06,1
924,236,85.43183682660801,85.43183682660801,1.61759390779706e-06,1
925,235,85.51361752319438,85.51361752319438,6.191529305511442e-07,1
926,234,85.54245025712665,85.54245025712665,1.317211082525779e-06,1
927,233,85.61344077378386,85.61344077378386,2.746934938253995e-06,1
928,232,85.64918178444034,85.64918178444034,1.239827491000051e-06,1
929,231,85.76252312592889,85.76252312592889,1.950057583236248e-06,1
930,230,85.8337257184952,85.8337257184952,7.318068288832379e-07,1
931,228,85.88377455773433,85.88377455773433,6.080150909816339e-06,1
932,229,85.90778777548189,85.90778777548189,0.6375397524289712,1
933,227,85.97549339593077,85.97549339593077,6.745425882419767e-07,1
934,226,85.99004964008985,85.99004964008985,5.075341605517607e-06,1
935,224,86.08289614633435,86.08289614633435,1.102043339415827e-06,1
936,225,86.11431421360869,86.11431421360869,0.4685026927039216,1
937,223,86.13535377959687,86.13535377959687,0.000203818568323012,1
938,222,86.34742601308903,86.34742601308903,6.031275279626371e-06,1
939,221,86.37198683953228,86.37198683953228,4.304894280184781e-06,1
940,220,86.43410881527538,86.43410881527538,2.47808246641566e-06,1
941,219,86.54937513569315,86.54937513569315,1.434570635667501e-06,1
942,218,86.60193650373522,86.60193650373522,3.70527825467656e-06,1
943,216,86.73759434567334,86.73759434567334,4.025561179769308e-05,1
944,217,86.76098754246674,86.76098754246674,0.6086071694123694,1
945,215,86.86251662196247,86.86251662196247,1.062105384792522e-06,1
946,214,86.88696289320767,86.88696289320767,2.126103174130236e-06,1
947,213,87.01702636218648,87.01702636218648,2.902570633070701e-06,1
948,212,87.14903641877504,87.14903641877504,3.780432453174585e-06,1
949,211,87.19317434724177,87.19317434724177,7.083036407338868e-06,1
950,210,87.22114148514444,87.22114148514444,4.615275131531625e-07,1
951,209,87.29926258703544,87.29926258703544,0.4460271575754803,1
952,208,87.32962108189609,87.32962108189609,0.0002550024831784401,1
953,207,87.3886943962485,87.3886943962485,1.100259552665128e-06,1
954,206,87.52859823607969,87.52859823607969,1.157849996569078e-06,1
955,205,87.58797843634575,87.58797843634575,1.022237872621058e-06,1
956,202,87.7235020644295,87.7235020644295,8.904667376253329e-06,1
957,203,87.7854813974582,87.7854813974582,5.200418631559593e-07,1
958,204,87.8231366411617,87.8231366411617,0.6043949982095417,1
959,201,87.89861019803739,87.89861019803739,4.453147683724087e-05,1
960,200,87.98208923495129,87.98208923495129,0.6463703539993628,1
961,199,88.04182466802921,88.04182466802921,1.67680293865745e-05,1
962,198,88.10992431023976,88.10992431023976,5.872337126588467e-06,1
963,197,88.21773887325115,88.21773887325115,8.152923745572095e-07,1
964,196,88.31102991303375,88.31102991303375,3.271582488402247e-06,1
965,195,88.35522023424177,88.35522023424177,2.883309562713437e-07,1
966,194,88.4678729759336,88.4678729759336,6.285627753649771e-07,1
967,193,88.49412019671396,88.49412019671396,1.258348730593373e-06,1
968,191,88.69102138766725,88.69102138766725,9.062167801422646e-08,1
969,192,88.69364774091689,88.69364774091689,5.644240112436188e-13,1
970,190,88.73949195326524,88.73949195326524,2.110545102530851e-05,1
971,188,88.81801798823535,88.81801798823535,0.000336753196679704,1
972,189,88.83152980570257,88.83152980570257,0.3969563819918397,1
973,187,88.86907382493274,88.86907382493274,2.203794480530799e-05,1
974,186,88.96988121773832,88.96988121773832,3.396329070724226e-06,1
975,185,89.08424065626454,89.08424065626454,1.947244595862177e-06,1
976,184,89.28546489504673,89.28546489504673,1.606849334279437e-06,1
977,183,89.33942321664752,89.33942321664752,7.739984099248251e-06,1
978,182,89.39005265795143,89.39005265795143,1.011111616823126e-05,1
979,181,89.4274463070572,89.4274463070572,1.321756643677585e-05,1
980,180,89.52704513899315,89.52704513899315,0.6396780904524227,1
981,179,89.60392822789083,89.60392822789083,3.238680562098087e-06,1
982,176,89.71700871956847,89.71700871956847,0.0004614680082797939,1
983,178,89.73818102755868,89.73818102755868,0.3717619158269062,1
984,177,89.74808202572751,89.74808202572751,0.6675189978771435,1
985,174,89.85879364254733,89.85879364254733,4.779283202808971e-06,1
986,175,89.87529433733809,89.87529433733809,2.693059784096665e-06,1
987,173,90.05100323074424,90.05100323074424,4.924597850947493e-07,1
988,172,90.19023821986698,90.19023821986698,3.95564508075943e-07,1
989,171,90.37754169867551,90.37754169867551,9.393948250300266e-07,1
990,170,90.43895419743782,90.43895419743782,2.064106828813544e-06,1
991,169,90.46907167505398,90.46907167505398,8.029207355892322e-07,1
992,168,90.65555475644715,90.65555475644715,0.6791759843778042,1
993,166,90.72961252069462,90.72961252069462,9.057249001370956e-06,1
994,167,90.75436284436094,90.75436284436094,1.193520283215629e-06,1
995,165,90.76977624493298,90.76977624493298,2.100596732672994e-07,1
996,164,90.94755022279877,90.94755022279877,1.515879944225872e-06,1
997,163,91.09951650717056,91.09951650717056,2.450487368329422e-07,1
998,162,91.23167802920656,91.23167802920656,4.495736301834728e-07,1
999,161,91.27387548817147,91.27387548817147,5.970421232035462e-07,1
1000,160,91.3744971380019,91.3744971380019,9.608113236444494e-07,1
1001,159,91.44749554976987,91.44749554976987,1.683098900459016e-06,1
1002,158,91.60583975357339,91.60583975357339,0.5005875107541683,1
1003,155,91.63432519878644,91.63432519878644,0.0001706093988146471,1
1004,157,91.6672733236305,91.6672733236305,0.5367485385777722,1
1005,156,91.67392672831923,91.67392672831923,6.563687780476966e-05,1
1006,154,91.70086795958882,91.70086795958882,6.257851648373749e-05,1
1007,153,91.86405121514322,91.86405121514322,3.923165595862987e-06,1
1008,152,91.93319248006915,91.93319248006915,2.017513991001441e-06,1
1009,151,91.96398075371809,91.96398075371809,1.47717978439203e-06,1
1010,150,92.07826091063987,92.07826091063987,6.05304039415112e-07,1
1011,149,92.22480534879415,92.22480534879415,0.6906238145613894,1
1012,148,92.28644586433491,92.28644586433491,6.789217032355042e-06,1
1013,147,92.46007371414575,92.46007371414575,1.343617821022769e-06,1
1014,146,92.54770227679671,92.54770227679671,1.092545349215022e-07,1
1015,145,92.60780418549525,92.60780418549525,3.647183911527795e-07,1
1016,144,92.81545244236544,92.81545244236544,2.163248255620742e-07,1
1017,143,92.84536143924294,92.84536143924294,8.11093691042679e-07,1
1018,142,92.96344378235645,92.96344378235645,2.894130671869287e-06,1
1019,140,93.04671305428448,93.04671305428448,0.0003783115308018562,1
1020,141,93.07357997638698,93.07357997638698,0.3150130260663949,1
1021,139,93.09438461418347,93.09438461418347,0.0001147307970035173,1
1022,138,93.14107556947054,93.14107556947054,1.552348736681229e-05,1
1023,136,93.3772175427054,93.3772175427054,2.795096547233688e-06,1
1024,137,93.43657792270893,93.43657792270893,0.7029313462825678,1
1025,135,93.57059212643034,93.57059212643034,0.7029302218492168,1
1026,133,93.59507768146644,93.59507768146644,3.080966538043056e-05,1
1027,134,93.63739775438791,93.63739775438791,0.6734158766681914,1
1028,132,93.85293859997743,93.85293859997743,3.896779901248088e-06,1
1029,131,93.89347680930045,93.89347680930045,1.115500523973702e-06,1
1030,130,94.09872858657972,94.09872858657972,5.20546602072261e-07,1
1031,129,94.17953670162318,94.17953670162318,5.691105364904563e-07,1
1032,128,94.25759287591714,94.25759287591714,1.144140847385549e-06,1
1033,127,94.29664547503529,94.29664547503529,1.66017715037196e-06,1
1034,126,94.3246564036218,94.3246564036218,3.152867941245775e-07,1
1035,125,94.45386563813962,94.45386563813962,4.952707171849881e-07,1
1036,124,94.57314824155335,94.57314824155335,1.374511556063273e-06,1
1037,123,94.77847380830407,94.77847380830407,1.043682954981053e-06,1
1038,120,94.92638186924606,94.92638186924606,2.317367529262519e-06,1
1039,121,94.93630535519014,94.93630535519014,1.910500558928425e-06,1
1040,122,95.01265571801996,95.01265571801996,0.7172631721012334,1
1041,119,95.03168819416788,95.03168819416788,0.7211616779133204,1
1042,118,95.13220164028965,95.13220164028965,1.039293877805748e-06,1
1043,117,95.29109907385909,95.29109907385909,6.303301786926189e-07,1
1044,116,95.36563029099617,95.36563029099617,8.430660751083289e-07,1
1045,115,95.4549627229392,95.4549627229392,1.747760734463315e-07,1
1046,114,95.51522811152738,95.51522811152738,3.609961983886228e-07,1
1047,113,95.56361460213799,95.56361460213799,1.019474703796058e-07,1
1048,112,95.587002574506,95.587002574506,1.678702332430134e-07,1
1049,111,95.78151558522214,95.78151558522214,2.625792081227896e-07,1
1050,110,95.94367040065792,95.94367040065792,1.891758119593548e-07,1
1051,107,96.08607588082171,96.08607588082171,1.826326761051929e-05,1
1052,109,96.17840122615068,96.17840122615068,0.6925859341068266,1
1053,108,96.2073843557808,96.2073843557808,0.6575133108192251,1
1054,106,96.21944744219502,96.21944744219502,5.538135739055318e-05,1
1055,105,96.32755212657096,96.32755212657096,6.143267007173362e-07,1
1056,104,96.49211052134613,96.49211052134613,1.961887646290619e-06,1
1057,103,96.56852075122661,96.56852075122661,2.810750987065513e-06,1
1058,101,96.6608445949997,96.6608445949997,1.442705946168712e-05,1
1059,102,96.70535822702664,96.70535822702664,0.6721297193130152,1
1060,100,96.71678782979635,96.71678782979635,1.373334430894441e-05,1
1061,99,96.79923959345106,96.79923959345106,2.711029871806194e-07,1
1062,98,96.97528916134227,96.97528916134227,1.99007193599675e-07,1
1063,97,97.0912841911916,97.0912841911916,2.270680998831348e-07,1
1064,96,97.20532975744533,97.20532975744533,0.7363889564749877,1
1065,95,97.24511140369101,97.24511140369101,0.730801428028539,1
1066,94,97.34471276882554,97.34471276882554,1.694461788000186e-06,1
1067,93,97.46807602514879,97.46807602514879,0.6672886473308256,1
1068,92,97.49646861825775,97.49646861825775,1.930678339265813e-05,1
1069,91,97.52821260402489,97.52821260402489,1.998064522974957e-05,1
1070,90,97.63077737423475,97.63077737423475,1.211369925443776e-06,1
1071,89,97.7137526009906,97.7137526009906,7.813500231242373e-07,1
1072,88,97.83855131114493,97.83855131114493,6.680558024402132e-07,1
1073,87,98.00181991770765,98.00181991770765,2.240873138587448e-07,1
1074,86,98.21981811413677,98.21981811413677,0.7417822039331553,1
1075,85,98.29997447351414,98.29997447351414,0.6897411274338762,1
1076,84,98.31882774275465,98.31882774275465,2.330960485226559e-05,1
1077,83,98.49747623133248,98.49747623133248,1.974379908121108e-07,1
1078,82,98.7851977663158,98.7851977663158,1.071204156104057e-07,1
1079,81,98.82463255640806,98.82463255640806,1.231208870563017e-07,1
1080,80,99.01490285873132,99.01490285873132,2.12028059222235e-07,1
1081,79,99.08690728197368,99.08690728197368,5.114536181129445e-07,1
1082,78,99.27940969951867,99.27940969951867,7.419900393463046e-07,1
1083,77,99.51721964384093,99.51721964384093,0.7540088773282945,1
1084,76,99.52608174022467,99.52608174022467,0.7518321036503626,1
1085,75,99.61881832809802,99.61881832809802,6.275866232821061e-07,1
1086,74,99.79545575900701,99.79545575900701,1.405185583490079e-07,1
1087,73,100.0506633482096,100.0506633482096,3.145384096323112e-07,1
1088,72,100.2506584507618,100.2506584507618,8.27538555071262e-07,1
1089,71,100.296426105346,100.296426105346,3.144301387096814e-07,1
1090,68,100.4425092786368,100.4425092786368,1.902250647215046e-07,1
1091,67,100.4882148429468,100.4882148429468,4.161579639262286e-06,1
1092,70,100.5114771536043,100.5114771536043,0.7560621435722202,1
1093,69,100.5127703218202,100.5127703218202,0.7570873622262358,1
1094,66,100.7140276156241,100.7140276156241,2.040014309013812e-08,1
1095,65,100.9318548658317,100.9318548658317,8.904437095002874e-08,1
1096,64,101.3374054042456,101.3374054042456,8.720384080931159e-08,1
1097,63,101.4026018788244,101.4026018788244,1.146184759573533e-07,1
1098,62,101.5902937524319,101.5902937524319,2.769998759379725e-08,1
1099,61,101.7039555585059,101.7039555585059,3.509177177170255e-08,1
1100,60,102.2966986656305,102.2966986656305,2.383863353964596e-08,1
1101,59,102.5958719841348,102.5958719841348,3.266489326337748e-08,1
1102,58,102.6170580002827,102.6170580002827,2.654684383925158e-08,1
1103,57,102.8355407899892,102.8355407899892,1.109116892328975e-08,1
1104,56,102.9366957730192,102.9366957730192,1.928524746992807e-08,1
1105,55,103.61315535865,103.61315535865,1.234568573492911e-08,1
1106,54,103.8101673046951,103.8101673046951,1.805385439074238e-08,1
1107,53,103.8727405823017,103.8727405823017,1.476770770128243e-08,1
1108,52,104.0831068470484,104.0831068470484,7.197766181613747e-09,1
1109,51,104.1114518150201,104.1114518150201,1.095865368774917e-08,1
1110,50,104.6120384120508,104.6120384120508,7.782625739129566e-09,1
1111,49,104.9849171606096,104.9849171606096,6.136998211863628e-09,1
1112,48,105.0831925580211,105.0831925580211,8.290719225380481e-09,1
1113,47,105.1815951731021,105.1815951731021,8.836574427044764e-09,1
1114,46,105.3140045252676,105.3140045252676,4.431143709582771e-09,1
1115,45,105.4829904682104,105.4829904682104,2.14953891435197e-09,1
1116,44,105.5104323797314,105.5104323797314,9.458131979782263e-09,1
1117,43,106.2572798787588,106.2572798787588,7.429228791817659e-09,1
1118,42,106.440895592615,106.440895592615,6.007094199946924e-09,1
1119,41,106.6050472905984,106.6050472905984,7.190823080000271e-09,1
1120,40,106.698563882324,106.698563882324,4.061583356461034e-09,1
1121,39,107.4531799120805,107.4531799120805,4.920949955148847e-09,1
1122,38,107.6305978472554,107.6305978472554,4.089931220052197e-09,1
1123,37,107.7010396862428,107.7010396862428,4.824702873919887e-09,1
1124,36,108.0228033026319,108.0228033026319,2.420327521035751e-09,1
1125,35,108.6130272569706,108.6130272569706,3.318938180108406e-09,1
1126,34,108.7350913183651,108.7350913183651,2.45098736841713e-09,1
1127,33,108.7518845568453,108.7518845568453,3.302196252943994e-09,1
1128,32,109.1513971458107,109.1513971458107,1.525688562723157e-09,1
1129,31,109.5861651503732,109.5861651503732,7.170016846745915e-10,1
1130,30,109.7367382442082,109.7367382442082,2.303686394643075e-09,1
1131,29,109.8202402040811,109.8202402040811,2.234975616843189e-09,1
1132,28,110.0341257087365,110.0341257087365,3.226669631857696e-10,1
1133,27,110.1095232124203,110.1095232124203,1.852094072640581e-09,1
1134,26,110.8541732178219,110.8541732178219,1.505545760941005e-09,1
1135,25,110.9391104869637,110.9391104869637,1.559645231736647e-09,1
1136,24,111.1113436447699,111.1113436447699,1.682614978640858e-09,1
1137,23,111.9125133733454,111.9125133733454,1.000114200884035e-09,1
1138,22,112.0239209735085,112.0239209735085,8.748259191982612e-10,1
1139,21,112.1150663408289,112.1150663408289,1.235492012935567e-09,1
1140,20,112.9078775718247,112.9078775718247,6.830512838979064e-10,1
1141,19,113.0191824326609,113.0191824326609,4.353145576337739e-10,1
1142,18,113.0488736866238,113.0488736866238,8.170578009158656e-10,1
1143,17,113.7223909733615,113.7223909733615,2.518041419137062e-10,1
1144,15,113.8939184187945,113.8939184187945,5.53607677708948e-10,1
1145,16,113.9048176008104,113.9048176008104,3.605577939268364e-10,1
1146,14,114.1581920470357,114.1581920470357,1.060828295984919e-10,1
1147,12,114.770144050517,114.770144050517,4.514555221159684e-10,1
1148,13,114.786076479464,114.786076479464,2.800537578853937e-10,1
1149,11,115.6193963568084,115.6193963568084,2.003607571573009e-10,1
1150,10,115.6246389858695,115.6246389858695,2.840315876805181e-10,1
1151,9,116.3963241705885,116.3963241705885,1.53463397203007e-10,1
1152,8,116.3991491406809,116.3991491406809,1.377282833100182e-10,1
1153,6,117.0219926048946,117.0219926048946,6.112870900741235e-11,1
1154,7,117.1022055979003,117.1022055979003,9.183741149369456e-11,1
1155,5,117.4226181134676,117.4226181134676,1.26197183109895e-11,1
1156,4,117.7245813759209,117.7245813759209,6.018696226191597e-11,1
1157,3,118.2916783269218,118.2916783269218,3.906603449529491e-11,1
1158,2,118.8311629017,118.8311629017,2.143942505240982e-11,1
1159,1,119.2804557350521,119.2804557350521,9.205329723864948e-12,1
1160,0,119.5749607566001,119.5749607566001,2.24003708893663e-12,1
